Workbook
Name _: #REF!
Name __: #REF!
Name ___: #REF!
Name _____: #REF!
Name _______: #REF!
Name ________________a1: #N/A
Name ________________a10: #N/A
Name ________________a11: #N/A
Name ________________a12: #N/A
Name ________________a13: #N/A
Name ________________a14: #N/A
Name ________________a15: #N/A
Name ________________a16: #N/A
Name ________________a17: #N/A
Name ________________a2: #N/A
Name ________________a3: #N/A
Name ________________a4: #N/A
Name ________________a5: #N/A
Name ________________a6: #N/A
Name ________________a7: #N/A
Name ________________a8: #N/A
Name ________________a9: #N/A
Name _______________a1: #N/A
Name _______________a10: #N/A
Name _______________a11: #N/A
Name _______________a12: #N/A
Name _______________a13: #N/A
Name _______________a14: #N/A
Name _______________a15: #N/A
Name _______________a16: #N/A
Name _______________a17: #N/A
Name _______________a2: #N/A
Name _______________a3: #N/A
Name _______________a4: #N/A
Name _______________a5: #N/A
Name _______________a6: #N/A
Name _______________a7: #N/A
Name _______________a8: #N/A
Name _______________a9: #N/A
Name _______________sp1: #REF!
Name _______________sp2: #REF!
Name _______________sp3: #REF!
Name ______________a1: #N/A
Name ______________a10: #N/A
Name ______________a11: #N/A
Name ______________a12: #N/A
Name ______________a13: #N/A
Name ______________a14: #N/A
Name ______________a15: #N/A
Name ______________a16: #N/A
Name ______________a17: #N/A
Name ______________A18: #REF!
Name ______________A19: #REF!
Name ______________a2: #N/A
Name ______________a20: #REF!
Name ______________A21: #REF!
Name ______________A22: #REF!
Name ______________A23: #REF!
Name ______________A24: #REF!
Name ______________A25: #REF!

Sheet sheet
A1: 회사명 | I1: 2026 | M1: 년 | O1: 2 | Q1: 월 | S1: 노무비지급대장 | AD1: 기 간 | AE1: =DATE($I$1,$O$1,1) -> 46054 | AG1: 고용보험 | AH1: 0.9 | AI1: 적용일수 | AJ1: 8 | AK1: 이 노임대장은 단순 월력으로 건강 및 연금 | BG1: 매사 작업 내역서
A2: 현장명 | AE2: =DATE($I$1,$O$1+1,0) -> 46081 | AG2: 건강보험 | AH2: 3.545 | AI2: ※ 변경 사항이 있을 경우, 수정하여 주시면 변경 적용됩니다! | AK2: 공제금액이 산정됩니다. | BY2: ▶ 월 수정
A3: 현장책임자 | H3: 관리번호 | Y3: ※ 프로그램 등록 후에 총 인원수, 총 공수, 총 일수, 노무비 총액 일치 꼭 확인해 주시기 바랍니다. | AG3: 장기요양 | AH3: 0.9182 | AK3: 건강 및 연금 가입 지침에 따라, 명확한 공제 | BV3: =I1 -> 2026 | BW3: =O1 -> 2 | BY3: ▶ 현장명 수정
A4: 총 인원수 : | C4: =COUNTA(C8:C1001) -> 0 | D4: ※ 프로그램 등록 용 노임대장입니다. 실제 보험료 부과내역은 프로그램에서 확인하시기 바랍니다. ※ 셀 삽입 시, 수식이 적용되지 않을 수 있으므로 수식 적용 여부 꼭 확인해 주시기 바랍니다. | H4: 합 계 | I4: =SUMPRODUCT((MOD(ROW(I$8:I$1001),2)=0)*I$8:I$1001) -> 0 | J4: =SUMPRODUCT((MOD(ROW(J$8:J$1001),2)=0)*J$8:J$1001) -> 4 | K4: =SUMPRODUCT((MOD(ROW(K$8:K$1001),2)=0)*K$8:K$1001) -> 4 | L4: =SUMPRODUCT((MOD(ROW(L$8:L$1001),2)=0)*L$8:L$1001) -> 1 | M4: =SUMPRODUCT((MOD(ROW(M$8:M$1001),2)=0)*M$8:M$1001) -> 1 | N4: =SUMPRODUCT((MOD(ROW(N$8:N$1001),2)=0)*N$8:N$1001) -> 0 | O4: =SUMPRODUCT((MOD(ROW(O$8:O$1001),2)=0)*O$8:O$1001) -> 2 | P4: =SUMPRODUCT((MOD(ROW(P$8:P$1001),2)=0)*P$8:P$1001) -> 0 | ... W4: =SUMPRODUCT((MOD(ROW(W$8:W$1001),2)=0)*W$8:W$1001) -> 0 | Y4: =SUM(Y8:Y1001) -> 52 | Z4: =SUM(Z8:Z1001) -> 50 | AA4: =SUM(AA8:AA1001) -> 0 | AB4: =SUMPRODUCT((MOD(ROW(AB$8:AB$1001),2)=0)*AB$8:AB$1001) -> 0 | AC4: =SUMPRODUCT((MOD(ROW(AC$8:AC$1001),2)=0)*AC$8:AC$1001) -> 0 | AD4: =SUMPRODUCT((MOD(ROW(AD$8:AD$1001),2)=0)*AD$8:AD$1001) -> 0 | AE4: =SUM(AE8:AE1001) -> 0 | AF4: =SUM(AF8:AF1001) -> 0 | AG4: 연금보험 | AH4: 4.5 | AI4: 연금고시금액 | AJ4: 2200000 | AK4: 금액을 확인하시려면 꼭 프로그램에 등록 후 | BG4: 현장명 : | BU4: 합 계 | BV4: =SUM(BV8:BV33) -> 0 | BY4: ▶ 현장 책임자 수정
I5: =SUMPRODUCT((MOD(ROW(I$8:I$1001),2)=1)*I$8:I$1001) -> 0 | J5: =SUMPRODUCT((MOD(ROW(J$8:J$1001),2)=1)*J$8:J$1001) -> 0 | K5: =SUMPRODUCT((MOD(ROW(K$8:K$1001),2)=1)*K$8:K$1001) -> 0 | L5: =SUMPRODUCT((MOD(ROW(L$8:L$1001),2)=1)*L$8:L$1001) -> 0 | M5: =SUMPRODUCT((MOD(ROW(M$8:M$1001),2)=1)*M$8:M$1001) -> 2 | N5: =SUMPRODUCT((MOD(ROW(N$8:N$1001),2)=1)*N$8:N$1001) -> 4 | O5: =SUMPRODUCT((MOD(ROW(O$8:O$1001),2)=1)*O$8:O$1001) -> 0 | P5: =SUMPRODUCT((MOD(ROW(P$8:P$1001),2)=1)*P$8:P$1001) -> 3 | ... X5: =SUMPRODUCT((MOD(ROW(X$8:X$1001),2)=1)*X$8:X$1001) -> 0 | AB5: =SUMPRODUCT((MOD(ROW(AB$8:AB$1001),2)=1)*AB$8:AB$1001) -> 0 | AC5: =SUMPRODUCT((MOD(ROW(AC$8:AC$1001),2)=1)*AC$8:AC$1001) -> 0 | AD5: =SUMPRODUCT((MOD(ROW(AD$8:AD$1001),2)=1)*AD$8:AD$1001) -> 0 | AG5: 연금상한 | AH5: 6170000 | AI5: 연금상한공제액 | AJ5: =AH5*AH4% -> 277650 | AK5: 공제금액을 확인하셔야 합니다! | BV5: =SUM(BV8:BV33) -> 0 | BY5: ▶ 위임장 및 신분증 작성
A6: 연번 | B6: 오류 확인 | C6: 성 명 | D6: 주민등록번호 | E6: 직종 | F6: 팀명칭 | G6: 주 소 | H6: 일 당 | I6: =AE1 -> 46054 | J6: =I6+1 -> 46055 | K6: =J6+1 -> 46056 | L6: =K6+1 -> 46057 | M6: =L6+1 -> 46058 | N6: =M6+1 -> 46059 | O6: =N6+1 -> 46060 | P6: =O6+1 -> 46061 | Q6: =P6+1 -> 46062 | ... W6: =V6+1 -> 46068 | Y6: 총 공수 | Z6: 총 일수 | AA6: 보수총액 | AB6: 소득세 | AC6: 고용보험 | AD6: 건강보험 | AE6: 공제합계 | AF6: 차감지급액 | AG6: 휴대전화 | AH6: 은행명 | AI6: 계좌번호 | AJ6: 예금주 | AK6: E-mail | AL6: 영문성명 | AM6: 체류자격 | AN6: 만나이 | AO6: 갑근세합계 | AP6: 1 | AQ6: 2 | AR6: 3 | AS6: 4 | AT6: 5 | AU6: 6 | AV6: 7 | AW6: 8 | AX6: 9 | AY6: 10 | AZ6: 11 | BA6: 12 | BB6: 13 | BC6: 14 | BD6: 15 | BG6: 이 름 | BH6: 공 종 | BI6: 구분 | BJ6: 작업부위 | BK6: 외 주 | BN6: 외 주2 | BQ6: 공제내역 | BV6: 금 액 | BW6: 비 고 | BY6: ▶ 매사 공사시 공제 내역과 작업 수량 확인후 총액으로 입금후 단가 산정
I7: =W6+1 -> 46069 | J7: =I7+1 -> 46070 | K7: =J7+1 -> 46071 | L7: =K7+1 -> 46072 | M7: =L7+1 -> 46073 | N7: =M7+1 -> 46074 | O7: =N7+1 -> 46075 | P7: =O7+1 -> 46076 | Q7: =P7+1 -> 46077 | ... U7: =T7+1 -> 46081 | V7: =IFERROR(IF(DAY(DATE($I$1,$O$1+1,0))<COLUMNS($I$7:V$7)+15,"",U7+1),"") | W7: =IFERROR(IF(DAY(DATE($I$1,$O$1+1,0))<COLUMNS($I$7:W$7)+15,"",V7+1),"") | X7: =IFERROR(IF(DAY(DATE($I$1,$O$1+1,0))<COLUMNS($I$7:X$7)+15,"",W7+1),"") | AB7: 지방소득 | AC7: 국민연금 | AD7: 장기요양 | AP7: 16 | AQ7: 17 | AR7: 18 | AS7: 19 | AT7: 20 | AU7: 21 | AV7: 22 | AW7: 23 | AX7: 24 | AY7: 25 | AZ7: 26 | BA7: 27 | BB7: 28 | BC7: 29 | BD7: 30 | BE7: 31 | BI7: 구 분 | BK7: 수량 | BL7: 단가 | BM7: 금액 | BN7: 수량 | BO7: 단가 | BP7: 금액 | BQ7: 공수 | BR7: 아침 | BS7: 점심 | BT7: 기타 | BU7: 계 | BV7: 금액 | BW7: 일당환산
A8: 1 | J8: 1 | K8: 1 | O8: 1 | R8: 1 | S8: 1 | T8: 1 | U8: 1 | Y8: =SUM(I8:X9) -> 16 | Z8: =COUNTIF(I8:X9,">0") -> 15 | AA8: =H8*Y8 -> 0 | AB8: =IF(AO8<1000, 0, AO8) -> 0 | AC8: =IF(IFERROR($AN8<65,FALSE), IF(B8<>"외국인", ROUNDDOWN(AA8*$AH$1%,-1), IF(AND(AM8<>"", ISNUMBER(SEARCH(LEFT(SUBSTITUTE(AM8, "-",""),2), "F2_F5_F6"))), ROUNDDOWN(AA8*$AH$1%,-1), 0)),0) -> 0 | AD8: =IF(Z8>=$AJ$1,ROUNDDOWN(AA8*$AH$2%,-1),0) -> 0 | AE8: =AB8+AC8+AB9+AC9+AD8+AD9 -> 0 | AF8: =AA8-AE8 -> 0 | AN8: =IFERROR(DATEDIF(DATE(IF(ISNUMBER(FIND(MID( SUBSTITUTE(D8, "-",""), 7, 1), "3478")), 2000, 1900)+MID(D8,1,2), MID(D8,3,2), MID(D8,5,2)), TODAY(), "Y"),"") | AO8: =ROUNDDOWN(SUM(AP8:BE9),-1) -> 0 | AP8: =IF($H8*I8>150000,ROUNDDOWN(($H8*I8-150000)*6%*45%,0),0) -> 0 | AQ8: =IF($H8*J8>150000,ROUNDDOWN(($H8*J8-150000)*6%*45%,0),0) -> 0 | AR8: =IF($H8*K8>150000,ROUNDDOWN(($H8*K8-150000)*6%*45%,0),0) -> 0 | AS8: =IF($H8*L8>150000,ROUNDDOWN(($H8*L8-150000)*6%*45%,0),0) -> 0 | AT8: =IF($H8*M8>150000,ROUNDDOWN(($H8*M8-150000)*6%*45%,0),0) -> 0 | AU8: =IF($H8*N8>150000,ROUNDDOWN(($H8*N8-150000)*6%*45%,0),0) -> 0 | AV8: =IF($H8*O8>150000,ROUNDDOWN(($H8*O8-150000)*6%*45%,0),0) -> 0 | AW8: =IF($H8*P8>150000,ROUNDDOWN(($H8*P8-150000)*6%*45%,0),0) -> 0 | ... BD8: =IF($H8*W8>150000,ROUNDDOWN(($H8*W8-150000)*6%*45%,0),0) -> 0 | BG8: =C8 -> 0 | BM8: =BK8*BL8 -> 0 | BP8: =BN8*BO8 -> 0 | BU8: =SUM(BR8:BT9) -> 0 | BV8: =BM8+BP8-BU8 -> 0
M9: 1 | N9: 2 | P9: 1 | Q9: 1 | R9: 1 | S9: 1 | T9: 1 | U9: 1 | AB9: =ROUNDDOWN(AB8*10%,-1) -> 0 | AC9: =IFERROR(IF(AND( OR(COUNTIF(I8:X9, ">0")>=$AJ$1, AA8>=$AJ$4),AN8<60,AA8<=$AH$5),ROUNDDOWN(ROUNDDOWN(AA8,-3)*$AH$4%,-1),IF(AND(COUNTIF(I8:X9,">0")>=$AJ$1,AN8<60,AA8>$AH$5),$AJ$5,0)),0) -> 0 | AD9: =IF(Z8>=$AJ$1,ROUNDDOWN(AD8*$AH$3%/($AH$2*2%),-1),0) -> 0 | AP9: =IF($H8*I9>150000,ROUNDDOWN(($H8*I9-150000)*6%*45%,0),0) -> 0 | AQ9: =IF($H8*J9>150000,ROUNDDOWN(($H8*J9-150000)*6%*45%,0),0) -> 0 | AR9: =IF($H8*K9>150000,ROUNDDOWN(($H8*K9-150000)*6%*45%,0),0) -> 0 | AS9: =IF($H8*L9>150000,ROUNDDOWN(($H8*L9-150000)*6%*45%,0),0) -> 0 | AT9: =IF($H8*M9>150000,ROUNDDOWN(($H8*M9-150000)*6%*45%,0),0) -> 0 | AU9: =IF($H8*N9>150000,ROUNDDOWN(($H8*N9-150000)*6%*45%,0),0) -> 0 | AV9: =IF($H8*O9>150000,ROUNDDOWN(($H8*O9-150000)*6%*45%,0),0) -> 0 | AW9: =IF($H8*P9>150000,ROUNDDOWN(($H8*P9-150000)*6%*45%,0),0) -> 0 | ... BE9: =IF($H8*X9>150000,ROUNDDOWN(($H8*X9-150000)*6%*45%,0),0) -> 0
A10: 2 | J10: 1 | K10: 1 | L10: 1 | M10: 1 | O10: 1 | Q10: 1 | S10: 1 | T10: 1 | U10: 1 | Y10: =SUM(I10:X11) -> 18 | Z10: =COUNTIF(I10:X11,">0") -> 17 | AA10: =H10*Y10 -> 0 | AB10: =IF(AO10<1000, 0, AO10) -> 0 | AC10: =IF(IFERROR($AN10<65,FALSE), IF(B10<>"외국인", ROUNDDOWN(AA10*$AH$1%,-1), IF(AND(AM10<>"", ISNUMBER(SEARCH(LEFT(SUBSTITUTE(AM10, "-",""),2), "F2_F5_F6"))), ROUNDDOWN(AA10*$AH$1%,-1), 0)),0) -> 0 | AD10: =IF(Z10>=$AJ$1,ROUNDDOWN(AA10*$AH$2%,-1),0) -> 0 | AE10: =AB10+AC10+AB11+AC11+AD10+AD11 -> 0 | AF10: =AA10-AE10 -> 0 | AN10: =IFERROR(DATEDIF(DATE(IF(ISNUMBER(FIND(MID( SUBSTITUTE(D10, "-",""), 7, 1), "3478")), 2000, 1900)+MID(D10,1,2), MID(D10,3,2), MID(D10,5,2)), TODAY(), "Y"),"") | AO10: =ROUNDDOWN(SUM(AP10:BE11),-1) -> 0 | AP10: =IF($H10*I10>150000,ROUNDDOWN(($H10*I10-150000)*6%*45%,0),0) -> 0 | AQ10: =IF($H10*J10>150000,ROUNDDOWN(($H10*J10-150000)*6%*45%,0),0) -> 0 | AR10: =IF($H10*K10>150000,ROUNDDOWN(($H10*K10-150000)*6%*45%,0),0) -> 0 | AS10: =IF($H10*L10>150000,ROUNDDOWN(($H10*L10-150000)*6%*45%,0),0) -> 0 | AT10: =IF($H10*M10>150000,ROUNDDOWN(($H10*M10-150000)*6%*45%,0),0) -> 0 | AU10: =IF($H10*N10>150000,ROUNDDOWN(($H10*N10-150000)*6%*45%,0),0) -> 0 | AV10: =IF($H10*O10>150000,ROUNDDOWN(($H10*O10-150000)*6%*45%,0),0) -> 0 | AW10: =IF($H10*P10>150000,ROUNDDOWN(($H10*P10-150000)*6%*45%,0),0) -> 0 | ... BD10: =IF($H10*W10>150000,ROUNDDOWN(($H10*W10-150000)*6%*45%,0),0) -> 0 | BG10: =C10 -> 0 | BM10: =BK10*BL10 -> 0 | BP10: =BN10*BO10 -> 0 | BU10: =SUM(BR10:BT11) -> 0 | BV10: =BM10+BP10-BU10 -> 0
M11: 1 | N11: 2 | P11: 1 | Q11: 1 | R11: 1 | S11: 1 | T11: 1 | U11: 1 | AB11: =ROUNDDOWN(AB10*10%,-1) -> 0 | AC11: =IFERROR(IF(AND( OR(COUNTIF(I10:X11, ">0")>=$AJ$1, AA10>=$AJ$4),AN10<60,AA10<=$AH$5),ROUNDDOWN(ROUNDDOWN(AA10,-3)*$AH$4%,-1),IF(AND(COUNTIF(I10:X11,">0")>=$AJ$1,AN10<60,AA10>$AH$5),$AJ$5,0)),0) -> 0 | AD11: =IF(Z10>=$AJ$1,ROUNDDOWN(AD10*$AH$3%/($AH$2*2%),-1),0) -> 0 | AP11: =IF($H10*I11>150000,ROUNDDOWN(($H10*I11-150000)*6%*45%,0),0) -> 0 | AQ11: =IF($H10*J11>150000,ROUNDDOWN(($H10*J11-150000)*6%*45%,0),0) -> 0 | AR11: =IF($H10*K11>150000,ROUNDDOWN(($H10*K11-150000)*6%*45%,0),0) -> 0 | AS11: =IF($H10*L11>150000,ROUNDDOWN(($H10*L11-150000)*6%*45%,0),0) -> 0 | AT11: =IF($H10*M11>150000,ROUNDDOWN(($H10*M11-150000)*6%*45%,0),0) -> 0 | AU11: =IF($H10*N11>150000,ROUNDDOWN(($H10*N11-150000)*6%*45%,0),0) -> 0 | AV11: =IF($H10*O11>150000,ROUNDDOWN(($H10*O11-150000)*6%*45%,0),0) -> 0 | AW11: =IF($H10*P11>150000,ROUNDDOWN(($H10*P11-150000)*6%*45%,0),0) -> 0 | ... BE11: =IF($H10*X11>150000,ROUNDDOWN(($H10*X11-150000)*6%*45%,0),0) -> 0
A12: 3 | J12: 1 | K12: 1 | Y12: =SUM(I12:X13) -> 2 | Z12: =COUNTIF(I12:X13,">0") -> 2 | AA12: =H12*Y12 -> 0 | AB12: =IF(AO12<1000, 0, AO12) -> 0 | AC12: =IF(IFERROR($AN12<65,FALSE), IF(B12<>"외국인", ROUNDDOWN(AA12*$AH$1%,-1), IF(AND(AM12<>"", ISNUMBER(SEARCH(LEFT(SUBSTITUTE(AM12, "-",""),2), "F2_F5_F6"))), ROUNDDOWN(AA12*$AH$1%,-1), 0)),0) -> 0 | AD12: =IF(Z12>=$AJ$1,ROUNDDOWN(AA12*$AH$2%,-1),0) -> 0 | AE12: =AB12+AC12+AB13+AC13+AD12+AD13 -> 0 | AF12: =AA12-AE12 -> 0 | AN12: =IFERROR(DATEDIF(DATE(IF(ISNUMBER(FIND(MID( SUBSTITUTE(D12, "-",""), 7, 1), "3478")), 2000, 1900)+MID(D12,1,2), MID(D12,3,2), MID(D12,5,2)), TODAY(), "Y"),"") | AO12: =ROUNDDOWN(SUM(AP12:BE13),-1) -> 0 | AP12: =IF($H12*I12>150000,ROUNDDOWN(($H12*I12-150000)*6%*45%,0),0) -> 0 | AQ12: =IF($H12*J12>150000,ROUNDDOWN(($H12*J12-150000)*6%*45%,0),0) -> 0 | AR12: =IF($H12*K12>150000,ROUNDDOWN(($H12*K12-150000)*6%*45%,0),0) -> 0 | AS12: =IF($H12*L12>150000,ROUNDDOWN(($H12*L12-150000)*6%*45%,0),0) -> 0 | AT12: =IF($H12*M12>150000,ROUNDDOWN(($H12*M12-150000)*6%*45%,0),0) -> 0 | AU12: =IF($H12*N12>150000,ROUNDDOWN(($H12*N12-150000)*6%*45%,0),0) -> 0 | AV12: =IF($H12*O12>150000,ROUNDDOWN(($H12*O12-150000)*6%*45%,0),0) -> 0 | AW12: =IF($H12*P12>150000,ROUNDDOWN(($H12*P12-150000)*6%*45%,0),0) -> 0 | ... BD12: =IF($H12*W12>150000,ROUNDDOWN(($H12*W12-150000)*6%*45%,0),0) -> 0 | BG12: =C12 -> 0 | BM12: =BK12*BL12 -> 0 | BP12: =BN12*BO12 -> 0 | BU12: =SUM(BR12:BT13) -> 0 | BV12: =BM12+BP12-BU12 -> 0
AB13: =ROUNDDOWN(AB12*10%,-1) -> 0 | AC13: =IFERROR(IF(AND( OR(COUNTIF(I12:X13, ">0")>=$AJ$1, AA12>=$AJ$4),AN12<60,AA12<=$AH$5),ROUNDDOWN(ROUNDDOWN(AA12,-3)*$AH$4%,-1),IF(AND(COUNTIF(I12:X13,">0")>=$AJ$1,AN12<60,AA12>$AH$5),$AJ$5,0)),0) -> 0 | AD13: =IF(Z12>=$AJ$1,ROUNDDOWN(AD12*$AH$3%/($AH$2*2%),-1),0) -> 0 | AP13: =IF($H12*I13>150000,ROUNDDOWN(($H12*I13-150000)*6%*45%,0),0) -> 0 | AQ13: =IF($H12*J13>150000,ROUNDDOWN(($H12*J13-150000)*6%*45%,0),0) -> 0 | AR13: =IF($H12*K13>150000,ROUNDDOWN(($H12*K13-150000)*6%*45%,0),0) -> 0 | AS13: =IF($H12*L13>150000,ROUNDDOWN(($H12*L13-150000)*6%*45%,0),0) -> 0 | AT13: =IF($H12*M13>150000,ROUNDDOWN(($H12*M13-150000)*6%*45%,0),0) -> 0 | AU13: =IF($H12*N13>150000,ROUNDDOWN(($H12*N13-150000)*6%*45%,0),0) -> 0 | AV13: =IF($H12*O13>150000,ROUNDDOWN(($H12*O13-150000)*6%*45%,0),0) -> 0 | AW13: =IF($H12*P13>150000,ROUNDDOWN(($H12*P13-150000)*6%*45%,0),0) -> 0 | ... BE13: =IF($H12*X13>150000,ROUNDDOWN(($H12*X13-150000)*6%*45%,0),0) -> 0
A14: 4 | Y14: =SUM(I14:X15) -> 3 | Z14: =COUNTIF(I14:X15,">0") -> 3 | AA14: =H14*Y14 -> 0 | AB14: =IF(AO14<1000, 0, AO14) -> 0 | AC14: =IF(IFERROR($AN14<65,FALSE), IF(B14<>"외국인", ROUNDDOWN(AA14*$AH$1%,-1), IF(AND(AM14<>"", ISNUMBER(SEARCH(LEFT(SUBSTITUTE(AM14, "-",""),2), "F2_F5_F6"))), ROUNDDOWN(AA14*$AH$1%,-1), 0)),0) -> 0 | AD14: =IF(Z14>=$AJ$1,ROUNDDOWN(AA14*$AH$2%,-1),0) -> 0 | AE14: =AB14+AC14+AB15+AC15+AD14+AD15 -> 0 | AF14: =AA14-AE14 -> 0 | AN14: =IFERROR(DATEDIF(DATE(IF(ISNUMBER(FIND(MID( SUBSTITUTE(D14, "-",""), 7, 1), "3478")), 2000, 1900)+MID(D14,1,2), MID(D14,3,2), MID(D14,5,2)), TODAY(), "Y"),"") | AO14: =ROUNDDOWN(SUM(AP14:BE15),-1) -> 0 | AP14: =IF($H14*I14>150000,ROUNDDOWN(($H14*I14-150000)*6%*45%,0),0) -> 0 | AQ14: =IF($H14*J14>150000,ROUNDDOWN(($H14*J14-150000)*6%*45%,0),0) -> 0 | AR14: =IF($H14*K14>150000,ROUNDDOWN(($H14*K14-150000)*6%*45%,0),0) -> 0 | AS14: =IF($H14*L14>150000,ROUNDDOWN(($H14*L14-150000)*6%*45%,0),0) -> 0 | AT14: =IF($H14*M14>150000,ROUNDDOWN(($H14*M14-150000)*6%*45%,0),0) -> 0 | AU14: =IF($H14*N14>150000,ROUNDDOWN(($H14*N14-150000)*6%*45%,0),0) -> 0 | AV14: =IF($H14*O14>150000,ROUNDDOWN(($H14*O14-150000)*6%*45%,0),0) -> 0 | AW14: =IF($H14*P14>150000,ROUNDDOWN(($H14*P14-150000)*6%*45%,0),0) -> 0 | ... BD14: =IF($H14*W14>150000,ROUNDDOWN(($H14*W14-150000)*6%*45%,0),0) -> 0 | BG14: =C14 -> 0 | BM14: =BK14*BL14 -> 0 | BP14: =BN14*BO14 -> 0 | BU14: =SUM(BR14:BT15) -> 0 | BV14: =BM14+BP14-BU14 -> 0
S15: 1 | T15: 1 | U15: 1 | AB15: =ROUNDDOWN(AB14*10%,-1) -> 0 | AC15: =IFERROR(IF(AND( OR(COUNTIF(I14:X15, ">0")>=$AJ$1, AA14>=$AJ$4),AN14<60,AA14<=$AH$5),ROUNDDOWN(ROUNDDOWN(AA14,-3)*$AH$4%,-1),IF(AND(COUNTIF(I14:X15,">0")>=$AJ$1,AN14<60,AA14>$AH$5),$AJ$5,0)),0) -> 0 | AD15: =IF(Z14>=$AJ$1,ROUNDDOWN(AD14*$AH$3%/($AH$2*2%),-1),0) -> 0 | AP15: =IF($H14*I15>150000,ROUNDDOWN(($H14*I15-150000)*6%*45%,0),0) -> 0 | AQ15: =IF($H14*J15>150000,ROUNDDOWN(($H14*J15-150000)*6%*45%,0),0) -> 0 | AR15: =IF($H14*K15>150000,ROUNDDOWN(($H14*K15-150000)*6%*45%,0),0) -> 0 | AS15: =IF($H14*L15>150000,ROUNDDOWN(($H14*L15-150000)*6%*45%,0),0) -> 0 | AT15: =IF($H14*M15>150000,ROUNDDOWN(($H14*M15-150000)*6%*45%,0),0) -> 0 | AU15: =IF($H14*N15>150000,ROUNDDOWN(($H14*N15-150000)*6%*45%,0),0) -> 0 | AV15: =IF($H14*O15>150000,ROUNDDOWN(($H14*O15-150000)*6%*45%,0),0) -> 0 | AW15: =IF($H14*P15>150000,ROUNDDOWN(($H14*P15-150000)*6%*45%,0),0) -> 0 | ... BE15: =IF($H14*X15>150000,ROUNDDOWN(($H14*X15-150000)*6%*45%,0),0) -> 0
A16: 5 | Y16: =SUM(I16:X17) -> 6 | Z16: =COUNTIF(I16:X17,">0") -> 6 | AA16: =H16*Y16 -> 0 | AB16: =IF(AO16<1000, 0, AO16) -> 0 | AC16: =IF(IFERROR($AN16<65,FALSE), IF(B16<>"외국인", ROUNDDOWN(AA16*$AH$1%,-1), IF(AND(AM16<>"", ISNUMBER(SEARCH(LEFT(SUBSTITUTE(AM16, "-",""),2), "F2_F5_F6"))), ROUNDDOWN(AA16*$AH$1%,-1), 0)),0) -> 0 | AD16: =IF(Z16>=$AJ$1,ROUNDDOWN(AA16*$AH$2%,-1),0) -> 0 | AE16: =AB16+AC16+AB17+AC17+AD16+AD17 -> 0 | AF16: =AA16-AE16 -> 0 | AN16: =IFERROR(DATEDIF(DATE(IF(ISNUMBER(FIND(MID( SUBSTITUTE(D16, "-",""), 7, 1), "3478")), 2000, 1900)+MID(D16,1,2), MID(D16,3,2), MID(D16,5,2)), TODAY(), "Y"),"") | AO16: =ROUNDDOWN(SUM(AP16:BE17),-1) -> 0 | AP16: =IF($H16*I16>150000,ROUNDDOWN(($H16*I16-150000)*6%*45%,0),0) -> 0 | AQ16: =IF($H16*J16>150000,ROUNDDOWN(($H16*J16-150000)*6%*45%,0),0) -> 0 | AR16: =IF($H16*K16>150000,ROUNDDOWN(($H16*K16-150000)*6%*45%,0),0) -> 0 | AS16: =IF($H16*L16>150000,ROUNDDOWN(($H16*L16-150000)*6%*45%,0),0) -> 0 | AT16: =IF($H16*M16>150000,ROUNDDOWN(($H16*M16-150000)*6%*45%,0),0) -> 0 | AU16: =IF($H16*N16>150000,ROUNDDOWN(($H16*N16-150000)*6%*45%,0),0) -> 0 | AV16: =IF($H16*O16>150000,ROUNDDOWN(($H16*O16-150000)*6%*45%,0),0) -> 0 | AW16: =IF($H16*P16>150000,ROUNDDOWN(($H16*P16-150000)*6%*45%,0),0) -> 0 | ... BD16: =IF($H16*W16>150000,ROUNDDOWN(($H16*W16-150000)*6%*45%,0),0) -> 0 | BG16: =C16 -> 0 | BM16: =BK16*BL16 -> 0 | BP16: =BN16*BO16 -> 0 | BU16: =SUM(BR16:BT17) -> 0 | BV16: =BM16+BP16-BU16 -> 0
P17: 1 | Q17: 1 | R17: 1 | S17: 1 | T17: 1 | U17: 1 | AB17: =ROUNDDOWN(AB16*10%,-1) -> 0 | AC17: =IFERROR(IF(AND( OR(COUNTIF(I16:X17, ">0")>=$AJ$1, AA16>=$AJ$4),AN16<60,AA16<=$AH$5),ROUNDDOWN(ROUNDDOWN(AA16,-3)*$AH$4%,-1),IF(AND(COUNTIF(I16:X17,">0")>=$AJ$1,AN16<60,AA16>$AH$5),$AJ$5,0)),0) -> 0 | AD17: =IF(Z16>=$AJ$1,ROUNDDOWN(AD16*$AH$3%/($AH$2*2%),-1),0) -> 0 | AP17: =IF($H16*I17>150000,ROUNDDOWN(($H16*I17-150000)*6%*45%,0),0) -> 0 | AQ17: =IF($H16*J17>150000,ROUNDDOWN(($H16*J17-150000)*6%*45%,0),0) -> 0 | AR17: =IF($H16*K17>150000,ROUNDDOWN(($H16*K17-150000)*6%*45%,0),0) -> 0 | AS17: =IF($H16*L17>150000,ROUNDDOWN(($H16*L17-150000)*6%*45%,0),0) -> 0 | AT17: =IF($H16*M17>150000,ROUNDDOWN(($H16*M17-150000)*6%*45%,0),0) -> 0 | AU17: =IF($H16*N17>150000,ROUNDDOWN(($H16*N17-150000)*6%*45%,0),0) -> 0 | AV17: =IF($H16*O17>150000,ROUNDDOWN(($H16*O17-150000)*6%*45%,0),0) -> 0 | AW17: =IF($H16*P17>150000,ROUNDDOWN(($H16*P17-150000)*6%*45%,0),0) -> 0 | ... BE17: =IF($H16*X17>150000,ROUNDDOWN(($H16*X17-150000)*6%*45%,0),0) -> 0
A18: 8 | R18: 1 | S18: 1 | Y18: =SUM(I18:X19) -> 2 | Z18: =COUNTIF(I18:X19,">0") -> 2 | AA18: =H18*Y18 -> 0 | AB18: =IF(AO18<1000, 0, AO18) -> 0 | AC18: =IF(IFERROR($AN18<65,FALSE), IF(B18<>"외국인", ROUNDDOWN(AA18*$AH$1%,-1), IF(AND(AM18<>"", ISNUMBER(SEARCH(LEFT(SUBSTITUTE(AM18, "-",""),2), "F2_F5_F6"))), ROUNDDOWN(AA18*$AH$1%,-1), 0)),0) -> 0 | AD18: =IF(Z18>=$AJ$1,ROUNDDOWN(AA18*$AH$2%,-1),0) -> 0 | AE18: =AB18+AC18+AB19+AC19+AD18+AD19 -> 0 | AF18: =AA18-AE18 -> 0 | AN18: =IFERROR(DATEDIF(DATE(IF(ISNUMBER(FIND(MID( SUBSTITUTE(D18, "-",""), 7, 1), "3478")), 2000, 1900)+MID(D18,1,2), MID(D18,3,2), MID(D18,5,2)), TODAY(), "Y"),"") | AO18: =ROUNDDOWN(SUM(AP18:BE19),-1) -> 0 | AP18: =IF($H18*I18>150000,ROUNDDOWN(($H18*I18-150000)*6%*45%,0),0) -> 0 | AQ18: =IF($H18*J18>150000,ROUNDDOWN(($H18*J18-150000)*6%*45%,0),0) -> 0 | AR18: =IF($H18*K18>150000,ROUNDDOWN(($H18*K18-150000)*6%*45%,0),0) -> 0 | AS18: =IF($H18*L18>150000,ROUNDDOWN(($H18*L18-150000)*6%*45%,0),0) -> 0 | AT18: =IF($H18*M18>150000,ROUNDDOWN(($H18*M18-150000)*6%*45%,0),0) -> 0 | AU18: =IF($H18*N18>150000,ROUNDDOWN(($H18*N18-150000)*6%*45%,0),0) -> 0 | AV18: =IF($H18*O18>150000,ROUNDDOWN(($H18*O18-150000)*6%*45%,0),0) -> 0 | AW18: =IF($H18*P18>150000,ROUNDDOWN(($H18*P18-150000)*6%*45%,0),0) -> 0 | ... BD18: =IF($H18*W18>150000,ROUNDDOWN(($H18*W18-150000)*6%*45%,0),0) -> 0 | BG18: =C18 -> 0 | BM18: =BK18*BL18 -> 0 | BP18: =BN18*BO18 -> 0 | BU18: =SUM(BR18:BT19) -> 0 | BV18: =BM18+BP18-BU18 -> 0
AB19: =ROUNDDOWN(AB18*10%,-1) -> 0 | AC19: =IFERROR(IF(AND( OR(COUNTIF(I18:X19, ">0")>=$AJ$1, AA18>=$AJ$4),AN18<60,AA18<=$AH$5),ROUNDDOWN(ROUNDDOWN(AA18,-3)*$AH$4%,-1),IF(AND(COUNTIF(I18:X19,">0")>=$AJ$1,AN18<60,AA18>$AH$5),$AJ$5,0)),0) -> 0 | AD19: =IF(Z18>=$AJ$1,ROUNDDOWN(AD18*$AH$3%/($AH$2*2%),-1),0) -> 0 | AP19: =IF($H18*I19>150000,ROUNDDOWN(($H18*I19-150000)*6%*45%,0),0) -> 0 | AQ19: =IF($H18*J19>150000,ROUNDDOWN(($H18*J19-150000)*6%*45%,0),0) -> 0 | AR19: =IF($H18*K19>150000,ROUNDDOWN(($H18*K19-150000)*6%*45%,0),0) -> 0 | AS19: =IF($H18*L19>150000,ROUNDDOWN(($H18*L19-150000)*6%*45%,0),0) -> 0 | AT19: =IF($H18*M19>150000,ROUNDDOWN(($H18*M19-150000)*6%*45%,0),0) -> 0 | AU19: =IF($H18*N19>150000,ROUNDDOWN(($H18*N19-150000)*6%*45%,0),0) -> 0 | AV19: =IF($H18*O19>150000,ROUNDDOWN(($H18*O19-150000)*6%*45%,0),0) -> 0 | AW19: =IF($H18*P19>150000,ROUNDDOWN(($H18*P19-150000)*6%*45%,0),0) -> 0 | ... BE19: =IF($H18*X19>150000,ROUNDDOWN(($H18*X19-150000)*6%*45%,0),0) -> 0
A20: 9 | J20: 1 | K20: 1 | Y20: =SUM(I20:X21) -> 2 | Z20: =COUNTIF(I20:X21,">0") -> 2 | AA20: =H20*Y20 -> 0 | AB20: =IF(AO20<1000, 0, AO20) -> 0 | AC20: =IF(IFERROR($AN20<65,FALSE), IF(B20<>"외국인", ROUNDDOWN(AA20*$AH$1%,-1), IF(AND(AM20<>"", ISNUMBER(SEARCH(LEFT(SUBSTITUTE(AM20, "-",""),2), "F2_F5_F6"))), ROUNDDOWN(AA20*$AH$1%,-1), 0)),0) -> 0 | AD20: =IF(Z20>=$AJ$1,ROUNDDOWN(AA20*$AH$2%,-1),0) -> 0 | AE20: =AB20+AC20+AB21+AC21+AD20+AD21 -> 0 | AF20: =AA20-AE20 -> 0 | AN20: =IFERROR(DATEDIF(DATE(IF(ISNUMBER(FIND(MID( SUBSTITUTE(D20, "-",""), 7, 1), "3478")), 2000, 1900)+MID(D20,1,2), MID(D20,3,2), MID(D20,5,2)), TODAY(), "Y"),"") | AO20: =ROUNDDOWN(SUM(AP20:BE21),-1) -> 0 | AP20: =IF($H20*I20>150000,ROUNDDOWN(($H20*I20-150000)*6%*45%,0),0) -> 0 | AQ20: =IF($H20*J20>150000,ROUNDDOWN(($H20*J20-150000)*6%*45%,0),0) -> 0 | AR20: =IF($H20*K20>150000,ROUNDDOWN(($H20*K20-150000)*6%*45%,0),0) -> 0 | AS20: =IF($H20*L20>150000,ROUNDDOWN(($H20*L20-150000)*6%*45%,0),0) -> 0 | AT20: =IF($H20*M20>150000,ROUNDDOWN(($H20*M20-150000)*6%*45%,0),0) -> 0 | AU20: =IF($H20*N20>150000,ROUNDDOWN(($H20*N20-150000)*6%*45%,0),0) -> 0 | AV20: =IF($H20*O20>150000,ROUNDDOWN(($H20*O20-150000)*6%*45%,0),0) -> 0 | AW20: =IF($H20*P20>150000,ROUNDDOWN(($H20*P20-150000)*6%*45%,0),0) -> 0 | ... BD20: =IF($H20*W20>150000,ROUNDDOWN(($H20*W20-150000)*6%*45%,0),0) -> 0 | BG20: =C20 -> 0 | BM20: =BK20*BL20 -> 0 | BP20: =BN20*BO20 -> 0 | BU20: =SUM(BR20:BT21) -> 0 | BV20: =BM20+BP20-BU20 -> 0
AB21: =ROUNDDOWN(AB20*10%,-1) -> 0 | AC21: =IFERROR(IF(AND( OR(COUNTIF(I20:X21, ">0")>=$AJ$1, AA20>=$AJ$4),AN20<60,AA20<=$AH$5),ROUNDDOWN(ROUNDDOWN(AA20,-3)*$AH$4%,-1),IF(AND(COUNTIF(I20:X21,">0")>=$AJ$1,AN20<60,AA20>$AH$5),$AJ$5,0)),0) -> 0 | AD21: =IF(Z20>=$AJ$1,ROUNDDOWN(AD20*$AH$3%/($AH$2*2%),-1),0) -> 0 | AP21: =IF($H20*I21>150000,ROUNDDOWN(($H20*I21-150000)*6%*45%,0),0) -> 0 | AQ21: =IF($H20*J21>150000,ROUNDDOWN(($H20*J21-150000)*6%*45%,0),0) -> 0 | AR21: =IF($H20*K21>150000,ROUNDDOWN(($H20*K21-150000)*6%*45%,0),0) -> 0 | AS21: =IF($H20*L21>150000,ROUNDDOWN(($H20*L21-150000)*6%*45%,0),0) -> 0 | AT21: =IF($H20*M21>150000,ROUNDDOWN(($H20*M21-150000)*6%*45%,0),0) -> 0 | AU21: =IF($H20*N21>150000,ROUNDDOWN(($H20*N21-150000)*6%*45%,0),0) -> 0 | AV21: =IF($H20*O21>150000,ROUNDDOWN(($H20*O21-150000)*6%*45%,0),0) -> 0 | AW21: =IF($H20*P21>150000,ROUNDDOWN(($H20*P21-150000)*6%*45%,0),0) -> 0 | ... BE21: =IF($H20*X21>150000,ROUNDDOWN(($H20*X21-150000)*6%*45%,0),0) -> 0
A22: 10 | Y22: =SUM(I22:X23) -> 3 | Z22: =COUNTIF(I22:X23,">0") -> 3 | AA22: =H22*Y22 -> 0 | AB22: =IF(AO22<1000, 0, AO22) -> 0 | AC22: =IF(IFERROR($AN22<65,FALSE), IF(B22<>"외국인", ROUNDDOWN(AA22*$AH$1%,-1), IF(AND(AM22<>"", ISNUMBER(SEARCH(LEFT(SUBSTITUTE(AM22, "-",""),2), "F2_F5_F6"))), ROUNDDOWN(AA22*$AH$1%,-1), 0)),0) -> 0 | AD22: =IF(Z22>=$AJ$1,ROUNDDOWN(AA22*$AH$2%,-1),0) -> 0 | AE22: =AB22+AC22+AB23+AC23+AD22+AD23 -> 0 | AF22: =AA22-AE22 -> 0 | AN22: =IFERROR(DATEDIF(DATE(IF(ISNUMBER(FIND(MID( SUBSTITUTE(D22, "-",""), 7, 1), "3478")), 2000, 1900)+MID(D22,1,2), MID(D22,3,2), MID(D22,5,2)), TODAY(), "Y"),"") | AO22: =ROUNDDOWN(SUM(AP22:BE23),-1) -> 0 | AP22: =IF($H22*I22>150000,ROUNDDOWN(($H22*I22-150000)*6%*45%,0),0) -> 0 | AQ22: =IF($H22*J22>150000,ROUNDDOWN(($H22*J22-150000)*6%*45%,0),0) -> 0 | AR22: =IF($H22*K22>150000,ROUNDDOWN(($H22*K22-150000)*6%*45%,0),0) -> 0 | AS22: =IF($H22*L22>150000,ROUNDDOWN(($H22*L22-150000)*6%*45%,0),0) -> 0 | AT22: =IF($H22*M22>150000,ROUNDDOWN(($H22*M22-150000)*6%*45%,0),0) -> 0 | AU22: =IF($H22*N22>150000,ROUNDDOWN(($H22*N22-150000)*6%*45%,0),0) -> 0 | AV22: =IF($H22*O22>150000,ROUNDDOWN(($H22*O22-150000)*6%*45%,0),0) -> 0 | AW22: =IF($H22*P22>150000,ROUNDDOWN(($H22*P22-150000)*6%*45%,0),0) -> 0 | ... BD22: =IF($H22*W22>150000,ROUNDDOWN(($H22*W22-150000)*6%*45%,0),0) -> 0 | BG22: =C22 -> 0 | BM22: =BK22*BL22 -> 0 | BP22: =BN22*BO22 -> 0 | BU22: =SUM(BR22:BT23) -> 0 | BV22: =BM22+BP22-BU22 -> 0
Q23: 1 | R23: 1 | S23: 1 | AB23: =ROUNDDOWN(AB22*10%,-1) -> 0 | AC23: =IFERROR(IF(AND( OR(COUNTIF(I22:X23, ">0")>=$AJ$1, AA22>=$AJ$4),AN22<60,AA22<=$AH$5),ROUNDDOWN(ROUNDDOWN(AA22,-3)*$AH$4%,-1),IF(AND(COUNTIF(I22:X23,">0")>=$AJ$1,AN22<60,AA22>$AH$5),$AJ$5,0)),0) -> 0 | AD23: =IF(Z22>=$AJ$1,ROUNDDOWN(AD22*$AH$3%/($AH$2*2%),-1),0) -> 0 | AP23: =IF($H22*I23>150000,ROUNDDOWN(($H22*I23-150000)*6%*45%,0),0) -> 0 | AQ23: =IF($H22*J23>150000,ROUNDDOWN(($H22*J23-150000)*6%*45%,0),0) -> 0 | AR23: =IF($H22*K23>150000,ROUNDDOWN(($H22*K23-150000)*6%*45%,0),0) -> 0 | AS23: =IF($H22*L23>150000,ROUNDDOWN(($H22*L23-150000)*6%*45%,0),0) -> 0 | AT23: =IF($H22*M23>150000,ROUNDDOWN(($H22*M23-150000)*6%*45%,0),0) -> 0 | AU23: =IF($H22*N23>150000,ROUNDDOWN(($H22*N23-150000)*6%*45%,0),0) -> 0 | AV23: =IF($H22*O23>150000,ROUNDDOWN(($H22*O23-150000)*6%*45%,0),0) -> 0 | AW23: =IF($H22*P23>150000,ROUNDDOWN(($H22*P23-150000)*6%*45%,0),0) -> 0 | ... BE23: =IF($H22*X23>150000,ROUNDDOWN(($H22*X23-150000)*6%*45%,0),0) -> 0
A24: 11 | Y24: =SUM(I24:X25) -> 0 | Z24: =COUNTIF(I24:X25,">0") -> 0 | AA24: =H24*Y24 -> 0 | AB24: =IF(AO24<1000, 0, AO24) -> 0 | AC24: =IF(IFERROR($AN24<65,FALSE), IF(B24<>"외국인", ROUNDDOWN(AA24*$AH$1%,-1), IF(AND(AM24<>"", ISNUMBER(SEARCH(LEFT(SUBSTITUTE(AM24, "-",""),2), "F2_F5_F6"))), ROUNDDOWN(AA24*$AH$1%,-1), 0)),0) -> 0 | AD24: =IF(Z24>=$AJ$1,ROUNDDOWN(AA24*$AH$2%,-1),0) -> 0 | AE24: =AB24+AC24+AB25+AC25+AD24+AD25 -> 0 | AF24: =AA24-AE24 -> 0 | AN24: =IFERROR(DATEDIF(DATE(IF(ISNUMBER(FIND(MID( SUBSTITUTE(D24, "-",""), 7, 1), "3478")), 2000, 1900)+MID(D24,1,2), MID(D24,3,2), MID(D24,5,2)), TODAY(), "Y"),"") | AO24: =ROUNDDOWN(SUM(AP24:BE25),-1) -> 0 | AP24: =IF($H24*I24>150000,ROUNDDOWN(($H24*I24-150000)*6%*45%,0),0) -> 0 | AQ24: =IF($H24*J24>150000,ROUNDDOWN(($H24*J24-150000)*6%*45%,0),0) -> 0 | AR24: =IF($H24*K24>150000,ROUNDDOWN(($H24*K24-150000)*6%*45%,0),0) -> 0 | AS24: =IF($H24*L24>150000,ROUNDDOWN(($H24*L24-150000)*6%*45%,0),0) -> 0 | AT24: =IF($H24*M24>150000,ROUNDDOWN(($H24*M24-150000)*6%*45%,0),0) -> 0 | AU24: =IF($H24*N24>150000,ROUNDDOWN(($H24*N24-150000)*6%*45%,0),0) -> 0 | AV24: =IF($H24*O24>150000,ROUNDDOWN(($H24*O24-150000)*6%*45%,0),0) -> 0 | AW24: =IF($H24*P24>150000,ROUNDDOWN(($H24*P24-150000)*6%*45%,0),0) -> 0 | ... BD24: =IF($H24*W24>150000,ROUNDDOWN(($H24*W24-150000)*6%*45%,0),0) -> 0 | BG24: =C24 -> 0 | BM24: =BK24*BL24 -> 0 | BP24: =BN24*BO24 -> 0 | BU24: =SUM(BR24:BT25) -> 0 | BV24: =BM24+BP24-BU24 -> 0
AB25: =ROUNDDOWN(AB24*10%,-1) -> 0 | AC25: =IFERROR(IF(AND( OR(COUNTIF(I24:X25, ">0")>=$AJ$1, AA24>=$AJ$4),AN24<60,AA24<=$AH$5),ROUNDDOWN(ROUNDDOWN(AA24,-3)*$AH$4%,-1),IF(AND(COUNTIF(I24:X25,">0")>=$AJ$1,AN24<60,AA24>$AH$5),$AJ$5,0)),0) -> 0 | AD25: =IF(Z24>=$AJ$1,ROUNDDOWN(AD24*$AH$3%/($AH$2*2%),-1),0) -> 0 | AP25: =IF($H24*I25>150000,ROUNDDOWN(($H24*I25-150000)*6%*45%,0),0) -> 0 | AQ25: =IF($H24*J25>150000,ROUNDDOWN(($H24*J25-150000)*6%*45%,0),0) -> 0 | AR25: =IF($H24*K25>150000,ROUNDDOWN(($H24*K25-150000)*6%*45%,0),0) -> 0 | AS25: =IF($H24*L25>150000,ROUNDDOWN(($H24*L25-150000)*6%*45%,0),0) -> 0 | AT25: =IF($H24*M25>150000,ROUNDDOWN(($H24*M25-150000)*6%*45%,0),0) -> 0 | AU25: =IF($H24*N25>150000,ROUNDDOWN(($H24*N25-150000)*6%*45%,0),0) -> 0 | AV25: =IF($H24*O25>150000,ROUNDDOWN(($H24*O25-150000)*6%*45%,0),0) -> 0 | AW25: =IF($H24*P25>150000,ROUNDDOWN(($H24*P25-150000)*6%*45%,0),0) -> 0 | ... BE25: =IF($H24*X25>150000,ROUNDDOWN(($H24*X25-150000)*6%*45%,0),0) -> 0
A26: 12 | Y26: =SUM(I26:X27) -> 0 | Z26: =COUNTIF(I26:X27,">0") -> 0 | AA26: =H26*Y26 -> 0 | AB26: =IF(AO26<1000, 0, AO26) -> 0 | AC26: =IF(IFERROR($AN26<65,FALSE), IF(B26<>"외국인", ROUNDDOWN(AA26*$AH$1%,-1), IF(AND(AM26<>"", ISNUMBER(SEARCH(LEFT(SUBSTITUTE(AM26, "-",""),2), "F2_F5_F6"))), ROUNDDOWN(AA26*$AH$1%,-1), 0)),0) -> 0 | AD26: =IF(Z26>=$AJ$1,ROUNDDOWN(AA26*$AH$2%,-1),0) -> 0 | AE26: =AB26+AC26+AB27+AC27+AD26+AD27 -> 0 | AF26: =AA26-AE26 -> 0 | AN26: =IFERROR(DATEDIF(DATE(IF(ISNUMBER(FIND(MID( SUBSTITUTE(D26, "-",""), 7, 1), "3478")), 2000, 1900)+MID(D26,1,2), MID(D26,3,2), MID(D26,5,2)), TODAY(), "Y"),"") | AO26: =ROUNDDOWN(SUM(AP26:BE27),-1) -> 0 | AP26: =IF($H26*I26>150000,ROUNDDOWN(($H26*I26-150000)*6%*45%,0),0) -> 0 | AQ26: =IF($H26*J26>150000,ROUNDDOWN(($H26*J26-150000)*6%*45%,0),0) -> 0 | AR26: =IF($H26*K26>150000,ROUNDDOWN(($H26*K26-150000)*6%*45%,0),0) -> 0 | AS26: =IF($H26*L26>150000,ROUNDDOWN(($H26*L26-150000)*6%*45%,0),0) -> 0 | AT26: =IF($H26*M26>150000,ROUNDDOWN(($H26*M26-150000)*6%*45%,0),0) -> 0 | AU26: =IF($H26*N26>150000,ROUNDDOWN(($H26*N26-150000)*6%*45%,0),0) -> 0 | AV26: =IF($H26*O26>150000,ROUNDDOWN(($H26*O26-150000)*6%*45%,0),0) -> 0 | AW26: =IF($H26*P26>150000,ROUNDDOWN(($H26*P26-150000)*6%*45%,0),0) -> 0 | ... BD26: =IF($H26*W26>150000,ROUNDDOWN(($H26*W26-150000)*6%*45%,0),0) -> 0 | BG26: =C26 -> 0 | BM26: =BK26*BL26 -> 0 | BP26: =BN26*BO26 -> 0 | BU26: =SUM(BR26:BT27) -> 0 | BV26: =BM26+BP26-BU26 -> 0
AB27: =ROUNDDOWN(AB26*10%,-1) -> 0 | AC27: =IFERROR(IF(AND( OR(COUNTIF(I26:X27, ">0")>=$AJ$1, AA26>=$AJ$4),AN26<60,AA26<=$AH$5),ROUNDDOWN(ROUNDDOWN(AA26,-3)*$AH$4%,-1),IF(AND(COUNTIF(I26:X27,">0")>=$AJ$1,AN26<60,AA26>$AH$5),$AJ$5,0)),0) -> 0 | AD27: =IF(Z26>=$AJ$1,ROUNDDOWN(AD26*$AH$3%/($AH$2*2%),-1),0) -> 0 | AP27: =IF($H26*I27>150000,ROUNDDOWN(($H26*I27-150000)*6%*45%,0),0) -> 0 | AQ27: =IF($H26*J27>150000,ROUNDDOWN(($H26*J27-150000)*6%*45%,0),0) -> 0 | AR27: =IF($H26*K27>150000,ROUNDDOWN(($H26*K27-150000)*6%*45%,0),0) -> 0 | AS27: =IF($H26*L27>150000,ROUNDDOWN(($H26*L27-150000)*6%*45%,0),0) -> 0 | AT27: =IF($H26*M27>150000,ROUNDDOWN(($H26*M27-150000)*6%*45%,0),0) -> 0 | AU27: =IF($H26*N27>150000,ROUNDDOWN(($H26*N27-150000)*6%*45%,0),0) -> 0 | AV27: =IF($H26*O27>150000,ROUNDDOWN(($H26*O27-150000)*6%*45%,0),0) -> 0 | AW27: =IF($H26*P27>150000,ROUNDDOWN(($H26*P27-150000)*6%*45%,0),0) -> 0 | ... BE27: =IF($H26*X27>150000,ROUNDDOWN(($H26*X27-150000)*6%*45%,0),0) -> 0
A28: 13 | B28: =IF(LEN(D28)>1,IF(VALUE(MID(RIGHT(D28,7),1,1))>4,"외국인",IF(VALUE(RIGHT(11-MOD((MID(D28,1,1)*2+MID(D28,2,1)*3+MID(D28,3,1)*4+MID(D28,4,1)*5+MID(D28,5,1)*6+MID(D28,6,1)*7+MID(RIGHT(D28,7),1,1)*8+MID(RIGHT(D28,7),2,1)*9+MID(RIGHT(D28,7),3,1)*2+MID(RIGHT(D28,7),4,1)*3+MID(RIGHT(D28,7),5,1)*4+MID(RIGHT(D28,7),6,1)*5),11),1))=VALUE(RIGHT(D28,1)),"","오류")),"") | Y28: =SUM(I28:X29) -> 0 | Z28: =COUNTIF(I28:X29,">0") -> 0 | AA28: =H28*Y28 -> 0 | AB28: =IF(AO28<1000, 0, AO28) -> 0 | AC28: =IF(IFERROR($AN28<65,FALSE), IF(B28<>"외국인", ROUNDDOWN(AA28*$AH$1%,-1), IF(AND(AM28<>"", ISNUMBER(SEARCH(LEFT(SUBSTITUTE(AM28, "-",""),2), "F2_F5_F6"))), ROUNDDOWN(AA28*$AH$1%,-1), 0)),0) -> 0 | AD28: =IF(Z28>=$AJ$1,ROUNDDOWN(AA28*$AH$2%,-1),0) -> 0 | AE28: =AB28+AC28+AB29+AC29+AD28+AD29 -> 0 | AF28: =AA28-AE28 -> 0 | AN28: =IFERROR(DATEDIF(DATE(IF(ISNUMBER(FIND(MID( SUBSTITUTE(D28, "-",""), 7, 1), "3478")), 2000, 1900)+MID(D28,1,2), MID(D28,3,2), MID(D28,5,2)), TODAY(), "Y"),"") | AO28: =ROUNDDOWN(SUM(AP28:BE29),-1) -> 0 | AP28: =IF($H28*I28>150000,ROUNDDOWN(($H28*I28-150000)*6%*45%,0),0) -> 0 | AQ28: =IF($H28*J28>150000,ROUNDDOWN(($H28*J28-150000)*6%*45%,0),0) -> 0 | AR28: =IF($H28*K28>150000,ROUNDDOWN(($H28*K28-150000)*6%*45%,0),0) -> 0 | AS28: =IF($H28*L28>150000,ROUNDDOWN(($H28*L28-150000)*6%*45%,0),0) -> 0 | AT28: =IF($H28*M28>150000,ROUNDDOWN(($H28*M28-150000)*6%*45%,0),0) -> 0 | AU28: =IF($H28*N28>150000,ROUNDDOWN(($H28*N28-150000)*6%*45%,0),0) -> 0 | AV28: =IF($H28*O28>150000,ROUNDDOWN(($H28*O28-150000)*6%*45%,0),0) -> 0 | AW28: =IF($H28*P28>150000,ROUNDDOWN(($H28*P28-150000)*6%*45%,0),0) -> 0 | ... BD28: =IF($H28*W28>150000,ROUNDDOWN(($H28*W28-150000)*6%*45%,0),0) -> 0 | BG28: =C28 -> 0 | BM28: =BK28*BL28 -> 0 | BP28: =BN28*BO28 -> 0 | BU28: =SUM(BR28:BT29) -> 0 | BV28: =BM28+BP28-BU28 -> 0
AB29: =ROUNDDOWN(AB28*10%,-1) -> 0 | AC29: =IFERROR(IF(AND( OR(COUNTIF(I28:X29, ">0")>=$AJ$1, AA28>=$AJ$4),AN28<60,AA28<=$AH$5),ROUNDDOWN(ROUNDDOWN(AA28,-3)*$AH$4%,-1),IF(AND(COUNTIF(I28:X29,">0")>=$AJ$1,AN28<60,AA28>$AH$5),$AJ$5,0)),0) -> 0 | AD29: =IF(Z28>=$AJ$1,ROUNDDOWN(AD28*$AH$3%/($AH$2*2%),-1),0) -> 0 | AP29: =IF($H28*I29>150000,ROUNDDOWN(($H28*I29-150000)*6%*45%,0),0) -> 0 | AQ29: =IF($H28*J29>150000,ROUNDDOWN(($H28*J29-150000)*6%*45%,0),0) -> 0 | AR29: =IF($H28*K29>150000,ROUNDDOWN(($H28*K29-150000)*6%*45%,0),0) -> 0 | AS29: =IF($H28*L29>150000,ROUNDDOWN(($H28*L29-150000)*6%*45%,0),0) -> 0 | AT29: =IF($H28*M29>150000,ROUNDDOWN(($H28*M29-150000)*6%*45%,0),0) -> 0 | AU29: =IF($H28*N29>150000,ROUNDDOWN(($H28*N29-150000)*6%*45%,0),0) -> 0 | AV29: =IF($H28*O29>150000,ROUNDDOWN(($H28*O29-150000)*6%*45%,0),0) -> 0 | AW29: =IF($H28*P29>150000,ROUNDDOWN(($H28*P29-150000)*6%*45%,0),0) -> 0 | ... BE29: =IF($H28*X29>150000,ROUNDDOWN(($H28*X29-150000)*6%*45%,0),0) -> 0
A30: 14 | B30: =IF(LEN(D30)>1,IF(VALUE(MID(RIGHT(D30,7),1,1))>4,"외국인",IF(VALUE(RIGHT(11-MOD((MID(D30,1,1)*2+MID(D30,2,1)*3+MID(D30,3,1)*4+MID(D30,4,1)*5+MID(D30,5,1)*6+MID(D30,6,1)*7+MID(RIGHT(D30,7),1,1)*8+MID(RIGHT(D30,7),2,1)*9+MID(RIGHT(D30,7),3,1)*2+MID(RIGHT(D30,7),4,1)*3+MID(RIGHT(D30,7),5,1)*4+MID(RIGHT(D30,7),6,1)*5),11),1))=VALUE(RIGHT(D30,1)),"","오류")),"") | Y30: =SUM(I30:X31) -> 0 | Z30: =COUNTIF(I30:X31,">0") -> 0 | AA30: =H30*Y30 -> 0 | AB30: =IF(AO30<1000, 0, AO30) -> 0 | AC30: =IF(IFERROR($AN30<65,FALSE), IF(B30<>"외국인", ROUNDDOWN(AA30*$AH$1%,-1), IF(AND(AM30<>"", ISNUMBER(SEARCH(LEFT(SUBSTITUTE(AM30, "-",""),2), "F2_F5_F6"))), ROUNDDOWN(AA30*$AH$1%,-1), 0)),0) -> 0 | AD30: =IF(Z30>=$AJ$1,ROUNDDOWN(AA30*$AH$2%,-1),0) -> 0 | AE30: =AB30+AC30+AB31+AC31+AD30+AD31 -> 0 | AF30: =AA30-AE30 -> 0 | AN30: =IFERROR(DATEDIF(DATE(IF(ISNUMBER(FIND(MID( SUBSTITUTE(D30, "-",""), 7, 1), "3478")), 2000, 1900)+MID(D30,1,2), MID(D30,3,2), MID(D30,5,2)), TODAY(), "Y"),"") | AO30: =ROUNDDOWN(SUM(AP30:BE31),-1) -> 0 | AP30: =IF($H30*I30>150000,ROUNDDOWN(($H30*I30-150000)*6%*45%,0),0) -> 0 | AQ30: =IF($H30*J30>150000,ROUNDDOWN(($H30*J30-150000)*6%*45%,0),0) -> 0 | AR30: =IF($H30*K30>150000,ROUNDDOWN(($H30*K30-150000)*6%*45%,0),0) -> 0 | AS30: =IF($H30*L30>150000,ROUNDDOWN(($H30*L30-150000)*6%*45%,0),0) -> 0 | AT30: =IF($H30*M30>150000,ROUNDDOWN(($H30*M30-150000)*6%*45%,0),0) -> 0 | AU30: =IF($H30*N30>150000,ROUNDDOWN(($H30*N30-150000)*6%*45%,0),0) -> 0 | AV30: =IF($H30*O30>150000,ROUNDDOWN(($H30*O30-150000)*6%*45%,0),0) -> 0 | AW30: =IF($H30*P30>150000,ROUNDDOWN(($H30*P30-150000)*6%*45%,0),0) -> 0 | ... BD30: =IF($H30*W30>150000,ROUNDDOWN(($H30*W30-150000)*6%*45%,0),0) -> 0 | BG30: =C30 -> 0 | BM30: =BK30*BL30 -> 0 | BP30: =BN30*BO30 -> 0 | BU30: =SUM(BR30:BT31) -> 0 | BV30: =BM30+BP30-BU30 -> 0
AB31: =ROUNDDOWN(AB30*10%,-1) -> 0 | AC31: =IFERROR(IF(AND( OR(COUNTIF(I30:X31, ">0")>=$AJ$1, AA30>=$AJ$4),AN30<60,AA30<=$AH$5),ROUNDDOWN(ROUNDDOWN(AA30,-3)*$AH$4%,-1),IF(AND(COUNTIF(I30:X31,">0")>=$AJ$1,AN30<60,AA30>$AH$5),$AJ$5,0)),0) -> 0 | AD31: =IF(Z30>=$AJ$1,ROUNDDOWN(AD30*$AH$3%/($AH$2*2%),-1),0) -> 0 | AP31: =IF($H30*I31>150000,ROUNDDOWN(($H30*I31-150000)*6%*45%,0),0) -> 0 | AQ31: =IF($H30*J31>150000,ROUNDDOWN(($H30*J31-150000)*6%*45%,0),0) -> 0 | AR31: =IF($H30*K31>150000,ROUNDDOWN(($H30*K31-150000)*6%*45%,0),0) -> 0 | AS31: =IF($H30*L31>150000,ROUNDDOWN(($H30*L31-150000)*6%*45%,0),0) -> 0 | AT31: =IF($H30*M31>150000,ROUNDDOWN(($H30*M31-150000)*6%*45%,0),0) -> 0 | AU31: =IF($H30*N31>150000,ROUNDDOWN(($H30*N31-150000)*6%*45%,0),0) -> 0 | AV31: =IF($H30*O31>150000,ROUNDDOWN(($H30*O31-150000)*6%*45%,0),0) -> 0 | AW31: =IF($H30*P31>150000,ROUNDDOWN(($H30*P31-150000)*6%*45%,0),0) -> 0 | ... BE31: =IF($H30*X31>150000,ROUNDDOWN(($H30*X31-150000)*6%*45%,0),0) -> 0
A32: 15 | B32: =IF(LEN(D32)>1,IF(VALUE(MID(RIGHT(D32,7),1,1))>4,"외국인",IF(VALUE(RIGHT(11-MOD((MID(D32,1,1)*2+MID(D32,2,1)*3+MID(D32,3,1)*4+MID(D32,4,1)*5+MID(D32,5,1)*6+MID(D32,6,1)*7+MID(RIGHT(D32,7),1,1)*8+MID(RIGHT(D32,7),2,1)*9+MID(RIGHT(D32,7),3,1)*2+MID(RIGHT(D32,7),4,1)*3+MID(RIGHT(D32,7),5,1)*4+MID(RIGHT(D32,7),6,1)*5),11),1))=VALUE(RIGHT(D32,1)),"","오류")),"") | Y32: =SUM(I32:X33) -> 0 | Z32: =COUNTIF(I32:X33,">0") -> 0 | AA32: =H32*Y32 -> 0 | AB32: =IF(AO32<1000, 0, AO32) -> 0 | AC32: =IF(IFERROR($AN32<65,FALSE), IF(B32<>"외국인", ROUNDDOWN(AA32*$AH$1%,-1), IF(AND(AM32<>"", ISNUMBER(SEARCH(LEFT(SUBSTITUTE(AM32, "-",""),2), "F2_F5_F6"))), ROUNDDOWN(AA32*$AH$1%,-1), 0)),0) -> 0 | AD32: =IF(Z32>=$AJ$1,ROUNDDOWN(AA32*$AH$2%,-1),0) -> 0 | AE32: =AB32+AC32+AB33+AC33+AD32+AD33 -> 0 | AF32: =AA32-AE32 -> 0 | AN32: =IFERROR(DATEDIF(DATE(IF(ISNUMBER(FIND(MID( SUBSTITUTE(D32, "-",""), 7, 1), "3478")), 2000, 1900)+MID(D32,1,2), MID(D32,3,2), MID(D32,5,2)), TODAY(), "Y"),"") | AO32: =ROUNDDOWN(SUM(AP32:BE33),-1) -> 0 | AP32: =IF($H32*I32>150000,ROUNDDOWN(($H32*I32-150000)*6%*45%,0),0) -> 0 | AQ32: =IF($H32*J32>150000,ROUNDDOWN(($H32*J32-150000)*6%*45%,0),0) -> 0 | AR32: =IF($H32*K32>150000,ROUNDDOWN(($H32*K32-150000)*6%*45%,0),0) -> 0 | AS32: =IF($H32*L32>150000,ROUNDDOWN(($H32*L32-150000)*6%*45%,0),0) -> 0 | AT32: =IF($H32*M32>150000,ROUNDDOWN(($H32*M32-150000)*6%*45%,0),0) -> 0 | AU32: =IF($H32*N32>150000,ROUNDDOWN(($H32*N32-150000)*6%*45%,0),0) -> 0 | AV32: =IF($H32*O32>150000,ROUNDDOWN(($H32*O32-150000)*6%*45%,0),0) -> 0 | AW32: =IF($H32*P32>150000,ROUNDDOWN(($H32*P32-150000)*6%*45%,0),0) -> 0 | ... BD32: =IF($H32*W32>150000,ROUNDDOWN(($H32*W32-150000)*6%*45%,0),0) -> 0 | BG32: =C32 -> 0 | BM32: =BK32*BL32 -> 0 | BP32: =BN32*BO32 -> 0 | BU32: =SUM(BR32:BT33) -> 0 | BV32: =BM32+BP32-BU32 -> 0
AB33: =ROUNDDOWN(AB32*10%,-1) -> 0 | AC33: =IFERROR(IF(AND( OR(COUNTIF(I32:X33, ">0")>=$AJ$1, AA32>=$AJ$4),AN32<60,AA32<=$AH$5),ROUNDDOWN(ROUNDDOWN(AA32,-3)*$AH$4%,-1),IF(AND(COUNTIF(I32:X33,">0")>=$AJ$1,AN32<60,AA32>$AH$5),$AJ$5,0)),0) -> 0 | AD33: =IF(Z32>=$AJ$1,ROUNDDOWN(AD32*$AH$3%/($AH$2*2%),-1),0) -> 0 | AP33: =IF($H32*I33>150000,ROUNDDOWN(($H32*I33-150000)*6%*45%,0),0) -> 0 | AQ33: =IF($H32*J33>150000,ROUNDDOWN(($H32*J33-150000)*6%*45%,0),0) -> 0 | AR33: =IF($H32*K33>150000,ROUNDDOWN(($H32*K33-150000)*6%*45%,0),0) -> 0 | AS33: =IF($H32*L33>150000,ROUNDDOWN(($H32*L33-150000)*6%*45%,0),0) -> 0 | AT33: =IF($H32*M33>150000,ROUNDDOWN(($H32*M33-150000)*6%*45%,0),0) -> 0 | AU33: =IF($H32*N33>150000,ROUNDDOWN(($H32*N33-150000)*6%*45%,0),0) -> 0 | AV33: =IF($H32*O33>150000,ROUNDDOWN(($H32*O33-150000)*6%*45%,0),0) -> 0 | AW33: =IF($H32*P33>150000,ROUNDDOWN(($H32*P33-150000)*6%*45%,0),0) -> 0 | ... BE33: =IF($H32*X33>150000,ROUNDDOWN(($H32*X33-150000)*6%*45%,0),0) -> 0
A34: 16 | B34: =IF(LEN(D34)>1,IF(VALUE(MID(RIGHT(D34,7),1,1))>4,"외국인",IF(VALUE(RIGHT(11-MOD((MID(D34,1,1)*2+MID(D34,2,1)*3+MID(D34,3,1)*4+MID(D34,4,1)*5+MID(D34,5,1)*6+MID(D34,6,1)*7+MID(RIGHT(D34,7),1,1)*8+MID(RIGHT(D34,7),2,1)*9+MID(RIGHT(D34,7),3,1)*2+MID(RIGHT(D34,7),4,1)*3+MID(RIGHT(D34,7),5,1)*4+MID(RIGHT(D34,7),6,1)*5),11),1))=VALUE(RIGHT(D34,1)),"","오류")),"") | Y34: =SUM(I34:X35) -> 0 | Z34: =COUNTIF(I34:X35,">0") -> 0 | AA34: =H34*Y34 -> 0 | AB34: =IF(AO34<1000, 0, AO34) -> 0 | AC34: =IF(IFERROR($AN34<65,FALSE), IF(B34<>"외국인", ROUNDDOWN(AA34*$AH$1%,-1), IF(AND(AM34<>"", ISNUMBER(SEARCH(LEFT(SUBSTITUTE(AM34, "-",""),2), "F2_F5_F6"))), ROUNDDOWN(AA34*$AH$1%,-1), 0)),0) -> 0 | AD34: =IF(Z34>=$AJ$1,ROUNDDOWN(AA34*$AH$2%,-1),0) -> 0 | AE34: =AB34+AC34+AB35+AC35+AD34+AD35 -> 0 | AF34: =AA34-AE34 -> 0 | AN34: =IFERROR(DATEDIF(DATE(IF(ISNUMBER(FIND(MID( SUBSTITUTE(D34, "-",""), 7, 1), "3478")), 2000, 1900)+MID(D34,1,2), MID(D34,3,2), MID(D34,5,2)), TODAY(), "Y"),"") | AO34: =ROUNDDOWN(SUM(AP34:BE35),-1) -> 0 | AP34: =IF($H34*I34>150000,ROUNDDOWN(($H34*I34-150000)*6%*45%,0),0) -> 0 | AQ34: =IF($H34*J34>150000,ROUNDDOWN(($H34*J34-150000)*6%*45%,0),0) -> 0 | AR34: =IF($H34*K34>150000,ROUNDDOWN(($H34*K34-150000)*6%*45%,0),0) -> 0 | AS34: =IF($H34*L34>150000,ROUNDDOWN(($H34*L34-150000)*6%*45%,0),0) -> 0 | AT34: =IF($H34*M34>150000,ROUNDDOWN(($H34*M34-150000)*6%*45%,0),0) -> 0 | AU34: =IF($H34*N34>150000,ROUNDDOWN(($H34*N34-150000)*6%*45%,0),0) -> 0 | AV34: =IF($H34*O34>150000,ROUNDDOWN(($H34*O34-150000)*6%*45%,0),0) -> 0 | AW34: =IF($H34*P34>150000,ROUNDDOWN(($H34*P34-150000)*6%*45%,0),0) -> 0 | ... BD34: =IF($H34*W34>150000,ROUNDDOWN(($H34*W34-150000)*6%*45%,0),0) -> 0 | BG34: =C34 -> 0 | BM34: =BK34*BL34 -> 0 | BV34: =BM34+BP34-BU34 -> 0
AB35: =ROUNDDOWN(AB34*10%,-1) -> 0 | AC35: =IFERROR(IF(AND( OR(COUNTIF(I34:X35, ">0")>=$AJ$1, AA34>=$AJ$4),AN34<60,AA34<=$AH$5),ROUNDDOWN(ROUNDDOWN(AA34,-3)*$AH$4%,-1),IF(AND(COUNTIF(I34:X35,">0")>=$AJ$1,AN34<60,AA34>$AH$5),$AJ$5,0)),0) -> 0 | AD35: =IF(Z34>=$AJ$1,ROUNDDOWN(AD34*$AH$3%/($AH$2*2%),-1),0) -> 0 | AP35: =IF($H34*I35>150000,ROUNDDOWN(($H34*I35-150000)*6%*45%,0),0) -> 0 | AQ35: =IF($H34*J35>150000,ROUNDDOWN(($H34*J35-150000)*6%*45%,0),0) -> 0 | AR35: =IF($H34*K35>150000,ROUNDDOWN(($H34*K35-150000)*6%*45%,0),0) -> 0 | AS35: =IF($H34*L35>150000,ROUNDDOWN(($H34*L35-150000)*6%*45%,0),0) -> 0 | AT35: =IF($H34*M35>150000,ROUNDDOWN(($H34*M35-150000)*6%*45%,0),0) -> 0 | AU35: =IF($H34*N35>150000,ROUNDDOWN(($H34*N35-150000)*6%*45%,0),0) -> 0 | AV35: =IF($H34*O35>150000,ROUNDDOWN(($H34*O35-150000)*6%*45%,0),0) -> 0 | AW35: =IF($H34*P35>150000,ROUNDDOWN(($H34*P35-150000)*6%*45%,0),0) -> 0 | ... BE35: =IF($H34*X35>150000,ROUNDDOWN(($H34*X35-150000)*6%*45%,0),0) -> 0
A36: 17 | B36: =IF(LEN(D36)>1,IF(VALUE(MID(RIGHT(D36,7),1,1))>4,"외국인",IF(VALUE(RIGHT(11-MOD((MID(D36,1,1)*2+MID(D36,2,1)*3+MID(D36,3,1)*4+MID(D36,4,1)*5+MID(D36,5,1)*6+MID(D36,6,1)*7+MID(RIGHT(D36,7),1,1)*8+MID(RIGHT(D36,7),2,1)*9+MID(RIGHT(D36,7),3,1)*2+MID(RIGHT(D36,7),4,1)*3+MID(RIGHT(D36,7),5,1)*4+MID(RIGHT(D36,7),6,1)*5),11),1))=VALUE(RIGHT(D36,1)),"","오류")),"") | Y36: =SUM(I36:X37) -> 0 | Z36: =COUNTIF(I36:X37,">0") -> 0 | AA36: =H36*Y36 -> 0 | AB36: =IF(AO36<1000, 0, AO36) -> 0 | AC36: =IF(IFERROR($AN36<65,FALSE), IF(B36<>"외국인", ROUNDDOWN(AA36*$AH$1%,-1), IF(AND(AM36<>"", ISNUMBER(SEARCH(LEFT(SUBSTITUTE(AM36, "-",""),2), "F2_F5_F6"))), ROUNDDOWN(AA36*$AH$1%,-1), 0)),0) -> 0 | AD36: =IF(Z36>=$AJ$1,ROUNDDOWN(AA36*$AH$2%,-1),0) -> 0 | AE36: =AB36+AC36+AB37+AC37+AD36+AD37 -> 0 | AF36: =AA36-AE36 -> 0 | AN36: =IFERROR(DATEDIF(DATE(IF(ISNUMBER(FIND(MID( SUBSTITUTE(D36, "-",""), 7, 1), "3478")), 2000, 1900)+MID(D36,1,2), MID(D36,3,2), MID(D36,5,2)), TODAY(), "Y"),"") | AO36: =ROUNDDOWN(SUM(AP36:BE37),-1) -> 0 | AP36: =IF($H36*I36>150000,ROUNDDOWN(($H36*I36-150000)*6%*45%,0),0) -> 0 | AQ36: =IF($H36*J36>150000,ROUNDDOWN(($H36*J36-150000)*6%*45%,0),0) -> 0 | AR36: =IF($H36*K36>150000,ROUNDDOWN(($H36*K36-150000)*6%*45%,0),0) -> 0 | AS36: =IF($H36*L36>150000,ROUNDDOWN(($H36*L36-150000)*6%*45%,0),0) -> 0 | AT36: =IF($H36*M36>150000,ROUNDDOWN(($H36*M36-150000)*6%*45%,0),0) -> 0 | AU36: =IF($H36*N36>150000,ROUNDDOWN(($H36*N36-150000)*6%*45%,0),0) -> 0 | AV36: =IF($H36*O36>150000,ROUNDDOWN(($H36*O36-150000)*6%*45%,0),0) -> 0 | AW36: =IF($H36*P36>150000,ROUNDDOWN(($H36*P36-150000)*6%*45%,0),0) -> 0 | ... BD36: =IF($H36*W36>150000,ROUNDDOWN(($H36*W36-150000)*6%*45%,0),0) -> 0 | BG36: =C36 -> 0 | BM36: =BK36*BL36 -> 0 | BV36: =BM36+BP36-BU36 -> 0
AB37: =ROUNDDOWN(AB36*10%,-1) -> 0 | AC37: =IFERROR(IF(AND( OR(COUNTIF(I36:X37, ">0")>=$AJ$1, AA36>=$AJ$4),AN36<60,AA36<=$AH$5),ROUNDDOWN(ROUNDDOWN(AA36,-3)*$AH$4%,-1),IF(AND(COUNTIF(I36:X37,">0")>=$AJ$1,AN36<60,AA36>$AH$5),$AJ$5,0)),0) -> 0 | AD37: =IF(Z36>=$AJ$1,ROUNDDOWN(AD36*$AH$3%/($AH$2*2%),-1),0) -> 0 | AP37: =IF($H36*I37>150000,ROUNDDOWN(($H36*I37-150000)*6%*45%,0),0) -> 0 | AQ37: =IF($H36*J37>150000,ROUNDDOWN(($H36*J37-150000)*6%*45%,0),0) -> 0 | AR37: =IF($H36*K37>150000,ROUNDDOWN(($H36*K37-150000)*6%*45%,0),0) -> 0 | AS37: =IF($H36*L37>150000,ROUNDDOWN(($H36*L37-150000)*6%*45%,0),0) -> 0 | AT37: =IF($H36*M37>150000,ROUNDDOWN(($H36*M37-150000)*6%*45%,0),0) -> 0 | AU37: =IF($H36*N37>150000,ROUNDDOWN(($H36*N37-150000)*6%*45%,0),0) -> 0 | AV37: =IF($H36*O37>150000,ROUNDDOWN(($H36*O37-150000)*6%*45%,0),0) -> 0 | AW37: =IF($H36*P37>150000,ROUNDDOWN(($H36*P37-150000)*6%*45%,0),0) -> 0 | ... BE37: =IF($H36*X37>150000,ROUNDDOWN(($H36*X37-150000)*6%*45%,0),0) -> 0
A38: 18 | B38: =IF(LEN(D38)>1,IF(VALUE(MID(RIGHT(D38,7),1,1))>4,"외국인",IF(VALUE(RIGHT(11-MOD((MID(D38,1,1)*2+MID(D38,2,1)*3+MID(D38,3,1)*4+MID(D38,4,1)*5+MID(D38,5,1)*6+MID(D38,6,1)*7+MID(RIGHT(D38,7),1,1)*8+MID(RIGHT(D38,7),2,1)*9+MID(RIGHT(D38,7),3,1)*2+MID(RIGHT(D38,7),4,1)*3+MID(RIGHT(D38,7),5,1)*4+MID(RIGHT(D38,7),6,1)*5),11),1))=VALUE(RIGHT(D38,1)),"","오류")),"") | Y38: =SUM(I38:X39) -> 0 | Z38: =COUNTIF(I38:X39,">0") -> 0 | AA38: =H38*Y38 -> 0 | AB38: =IF(AO38<1000, 0, AO38) -> 0 | AC38: =IF(IFERROR($AN38<65,FALSE), IF(B38<>"외국인", ROUNDDOWN(AA38*$AH$1%,-1), IF(AND(AM38<>"", ISNUMBER(SEARCH(LEFT(SUBSTITUTE(AM38, "-",""),2), "F2_F5_F6"))), ROUNDDOWN(AA38*$AH$1%,-1), 0)),0) -> 0 | AD38: =IF(Z38>=$AJ$1,ROUNDDOWN(AA38*$AH$2%,-1),0) -> 0 | AE38: =AB38+AC38+AB39+AC39+AD38+AD39 -> 0 | AF38: =AA38-AE38 -> 0 | AN38: =IFERROR(DATEDIF(DATE(IF(ISNUMBER(FIND(MID( SUBSTITUTE(D38, "-",""), 7, 1), "3478")), 2000, 1900)+MID(D38,1,2), MID(D38,3,2), MID(D38,5,2)), TODAY(), "Y"),"") | AO38: =ROUNDDOWN(SUM(AP38:BE39),-1) -> 0 | AP38: =IF($H38*I38>150000,ROUNDDOWN(($H38*I38-150000)*6%*45%,0),0) -> 0 | AQ38: =IF($H38*J38>150000,ROUNDDOWN(($H38*J38-150000)*6%*45%,0),0) -> 0 | AR38: =IF($H38*K38>150000,ROUNDDOWN(($H38*K38-150000)*6%*45%,0),0) -> 0 | AS38: =IF($H38*L38>150000,ROUNDDOWN(($H38*L38-150000)*6%*45%,0),0) -> 0 | AT38: =IF($H38*M38>150000,ROUNDDOWN(($H38*M38-150000)*6%*45%,0),0) -> 0 | AU38: =IF($H38*N38>150000,ROUNDDOWN(($H38*N38-150000)*6%*45%,0),0) -> 0 | AV38: =IF($H38*O38>150000,ROUNDDOWN(($H38*O38-150000)*6%*45%,0),0) -> 0 | AW38: =IF($H38*P38>150000,ROUNDDOWN(($H38*P38-150000)*6%*45%,0),0) -> 0 | ... BD38: =IF($H38*W38>150000,ROUNDDOWN(($H38*W38-150000)*6%*45%,0),0) -> 0 | BG38: =C38 -> 0 | BM38: =BK38*BL38 -> 0 | BV38: =BM38+BP38-BU38 -> 0
AB39: =ROUNDDOWN(AB38*10%,-1) -> 0 | AC39: =IFERROR(IF(AND( OR(COUNTIF(I38:X39, ">0")>=$AJ$1, AA38>=$AJ$4),AN38<60,AA38<=$AH$5),ROUNDDOWN(ROUNDDOWN(AA38,-3)*$AH$4%,-1),IF(AND(COUNTIF(I38:X39,">0")>=$AJ$1,AN38<60,AA38>$AH$5),$AJ$5,0)),0) -> 0 | AD39: =IF(Z38>=$AJ$1,ROUNDDOWN(AD38*$AH$3%/($AH$2*2%),-1),0) -> 0 | AP39: =IF($H38*I39>150000,ROUNDDOWN(($H38*I39-150000)*6%*45%,0),0) -> 0 | AQ39: =IF($H38*J39>150000,ROUNDDOWN(($H38*J39-150000)*6%*45%,0),0) -> 0 | AR39: =IF($H38*K39>150000,ROUNDDOWN(($H38*K39-150000)*6%*45%,0),0) -> 0 | AS39: =IF($H38*L39>150000,ROUNDDOWN(($H38*L39-150000)*6%*45%,0),0) -> 0 | AT39: =IF($H38*M39>150000,ROUNDDOWN(($H38*M39-150000)*6%*45%,0),0) -> 0 | AU39: =IF($H38*N39>150000,ROUNDDOWN(($H38*N39-150000)*6%*45%,0),0) -> 0 | AV39: =IF($H38*O39>150000,ROUNDDOWN(($H38*O39-150000)*6%*45%,0),0) -> 0 | AW39: =IF($H38*P39>150000,ROUNDDOWN(($H38*P39-150000)*6%*45%,0),0) -> 0 | ... BE39: =IF($H38*X39>150000,ROUNDDOWN(($H38*X39-150000)*6%*45%,0),0) -> 0
A40: 19 | B40: =IF(LEN(D40)>1,IF(VALUE(MID(RIGHT(D40,7),1,1))>4,"외국인",IF(VALUE(RIGHT(11-MOD((MID(D40,1,1)*2+MID(D40,2,1)*3+MID(D40,3,1)*4+MID(D40,4,1)*5+MID(D40,5,1)*6+MID(D40,6,1)*7+MID(RIGHT(D40,7),1,1)*8+MID(RIGHT(D40,7),2,1)*9+MID(RIGHT(D40,7),3,1)*2+MID(RIGHT(D40,7),4,1)*3+MID(RIGHT(D40,7),5,1)*4+MID(RIGHT(D40,7),6,1)*5),11),1))=VALUE(RIGHT(D40,1)),"","오류")),"") | Y40: =SUM(I40:X41) -> 0 | Z40: =COUNTIF(I40:X41,">0") -> 0 | AA40: =H40*Y40 -> 0 | AB40: =IF(AO40<1000, 0, AO40) -> 0 | AC40: =IF(IFERROR($AN40<65,FALSE), IF(B40<>"외국인", ROUNDDOWN(AA40*$AH$1%,-1), IF(AND(AM40<>"", ISNUMBER(SEARCH(LEFT(SUBSTITUTE(AM40, "-",""),2), "F2_F5_F6"))), ROUNDDOWN(AA40*$AH$1%,-1), 0)),0) -> 0 | AD40: =IF(Z40>=$AJ$1,ROUNDDOWN(AA40*$AH$2%,-1),0) -> 0 | AE40: =AB40+AC40+AB41+AC41+AD40+AD41 -> 0 | AF40: =AA40-AE40 -> 0 | AN40: =IFERROR(DATEDIF(DATE(IF(ISNUMBER(FIND(MID( SUBSTITUTE(D40, "-",""), 7, 1), "3478")), 2000, 1900)+MID(D40,1,2), MID(D40,3,2), MID(D40,5,2)), TODAY(), "Y"),"") | AO40: =ROUNDDOWN(SUM(AP40:BE41),-1) -> 0 | AP40: =IF($H40*I40>150000,ROUNDDOWN(($H40*I40-150000)*6%*45%,0),0) -> 0 | AQ40: =IF($H40*J40>150000,ROUNDDOWN(($H40*J40-150000)*6%*45%,0),0) -> 0 | AR40: =IF($H40*K40>150000,ROUNDDOWN(($H40*K40-150000)*6%*45%,0),0) -> 0 | AS40: =IF($H40*L40>150000,ROUNDDOWN(($H40*L40-150000)*6%*45%,0),0) -> 0 | AT40: =IF($H40*M40>150000,ROUNDDOWN(($H40*M40-150000)*6%*45%,0),0) -> 0 | AU40: =IF($H40*N40>150000,ROUNDDOWN(($H40*N40-150000)*6%*45%,0),0) -> 0 | AV40: =IF($H40*O40>150000,ROUNDDOWN(($H40*O40-150000)*6%*45%,0),0) -> 0 | AW40: =IF($H40*P40>150000,ROUNDDOWN(($H40*P40-150000)*6%*45%,0),0) -> 0 | ... BD40: =IF($H40*W40>150000,ROUNDDOWN(($H40*W40-150000)*6%*45%,0),0) -> 0 | BG40: =C40 -> 0 | BM40: =BK40*BL40 -> 0 | BV40: =BM40+BP40-BU40 -> 0
AB41: =ROUNDDOWN(AB40*10%,-1) -> 0 | AC41: =IFERROR(IF(AND( OR(COUNTIF(I40:X41, ">0")>=$AJ$1, AA40>=$AJ$4),AN40<60,AA40<=$AH$5),ROUNDDOWN(ROUNDDOWN(AA40,-3)*$AH$4%,-1),IF(AND(COUNTIF(I40:X41,">0")>=$AJ$1,AN40<60,AA40>$AH$5),$AJ$5,0)),0) -> 0 | AD41: =IF(Z40>=$AJ$1,ROUNDDOWN(AD40*$AH$3%/($AH$2*2%),-1),0) -> 0 | AP41: =IF($H40*I41>150000,ROUNDDOWN(($H40*I41-150000)*6%*45%,0),0) -> 0 | AQ41: =IF($H40*J41>150000,ROUNDDOWN(($H40*J41-150000)*6%*45%,0),0) -> 0 | AR41: =IF($H40*K41>150000,ROUNDDOWN(($H40*K41-150000)*6%*45%,0),0) -> 0 | AS41: =IF($H40*L41>150000,ROUNDDOWN(($H40*L41-150000)*6%*45%,0),0) -> 0 | AT41: =IF($H40*M41>150000,ROUNDDOWN(($H40*M41-150000)*6%*45%,0),0) -> 0 | AU41: =IF($H40*N41>150000,ROUNDDOWN(($H40*N41-150000)*6%*45%,0),0) -> 0 | AV41: =IF($H40*O41>150000,ROUNDDOWN(($H40*O41-150000)*6%*45%,0),0) -> 0 | AW41: =IF($H40*P41>150000,ROUNDDOWN(($H40*P41-150000)*6%*45%,0),0) -> 0 | ... BE41: =IF($H40*X41>150000,ROUNDDOWN(($H40*X41-150000)*6%*45%,0),0) -> 0
A42: 20 | B42: =IF(LEN(D42)>1,IF(VALUE(MID(RIGHT(D42,7),1,1))>4,"외국인",IF(VALUE(RIGHT(11-MOD((MID(D42,1,1)*2+MID(D42,2,1)*3+MID(D42,3,1)*4+MID(D42,4,1)*5+MID(D42,5,1)*6+MID(D42,6,1)*7+MID(RIGHT(D42,7),1,1)*8+MID(RIGHT(D42,7),2,1)*9+MID(RIGHT(D42,7),3,1)*2+MID(RIGHT(D42,7),4,1)*3+MID(RIGHT(D42,7),5,1)*4+MID(RIGHT(D42,7),6,1)*5),11),1))=VALUE(RIGHT(D42,1)),"","오류")),"") | Y42: =SUM(I42:X43) -> 0 | Z42: =COUNTIF(I42:X43,">0") -> 0 | AA42: =H42*Y42 -> 0 | AB42: =IF(AO42<1000, 0, AO42) -> 0 | AC42: =IF(IFERROR($AN42<65,FALSE), IF(B42<>"외국인", ROUNDDOWN(AA42*$AH$1%,-1), IF(AND(AM42<>"", ISNUMBER(SEARCH(LEFT(SUBSTITUTE(AM42, "-",""),2), "F2_F5_F6"))), ROUNDDOWN(AA42*$AH$1%,-1), 0)),0) -> 0 | AD42: =IF(Z42>=$AJ$1,ROUNDDOWN(AA42*$AH$2%,-1),0) -> 0 | AE42: =AB42+AC42+AB43+AC43+AD42+AD43 -> 0 | AF42: =AA42-AE42 -> 0 | AN42: =IFERROR(DATEDIF(DATE(IF(ISNUMBER(FIND(MID( SUBSTITUTE(D42, "-",""), 7, 1), "3478")), 2000, 1900)+MID(D42,1,2), MID(D42,3,2), MID(D42,5,2)), TODAY(), "Y"),"") | AO42: =ROUNDDOWN(SUM(AP42:BE43),-1) -> 0 | AP42: =IF($H42*I42>150000,ROUNDDOWN(($H42*I42-150000)*6%*45%,0),0) -> 0 | AQ42: =IF($H42*J42>150000,ROUNDDOWN(($H42*J42-150000)*6%*45%,0),0) -> 0 | AR42: =IF($H42*K42>150000,ROUNDDOWN(($H42*K42-150000)*6%*45%,0),0) -> 0 | AS42: =IF($H42*L42>150000,ROUNDDOWN(($H42*L42-150000)*6%*45%,0),0) -> 0 | AT42: =IF($H42*M42>150000,ROUNDDOWN(($H42*M42-150000)*6%*45%,0),0) -> 0 | AU42: =IF($H42*N42>150000,ROUNDDOWN(($H42*N42-150000)*6%*45%,0),0) -> 0 | AV42: =IF($H42*O42>150000,ROUNDDOWN(($H42*O42-150000)*6%*45%,0),0) -> 0 | AW42: =IF($H42*P42>150000,ROUNDDOWN(($H42*P42-150000)*6%*45%,0),0) -> 0 | ... BD42: =IF($H42*W42>150000,ROUNDDOWN(($H42*W42-150000)*6%*45%,0),0) -> 0 | BG42: =C42 -> 0 | BM42: =BK42*BL42 -> 0 | BV42: =BM42+BP42-BU42 -> 0
AB43: =ROUNDDOWN(AB42*10%,-1) -> 0 | AC43: =IFERROR(IF(AND( OR(COUNTIF(I42:X43, ">0")>=$AJ$1, AA42>=$AJ$4),AN42<60,AA42<=$AH$5),ROUNDDOWN(ROUNDDOWN(AA42,-3)*$AH$4%,-1),IF(AND(COUNTIF(I42:X43,">0")>=$AJ$1,AN42<60,AA42>$AH$5),$AJ$5,0)),0) -> 0 | AD43: =IF(Z42>=$AJ$1,ROUNDDOWN(AD42*$AH$3%/($AH$2*2%),-1),0) -> 0 | AP43: =IF($H42*I43>150000,ROUNDDOWN(($H42*I43-150000)*6%*45%,0),0) -> 0 | AQ43: =IF($H42*J43>150000,ROUNDDOWN(($H42*J43-150000)*6%*45%,0),0) -> 0 | AR43: =IF($H42*K43>150000,ROUNDDOWN(($H42*K43-150000)*6%*45%,0),0) -> 0 | AS43: =IF($H42*L43>150000,ROUNDDOWN(($H42*L43-150000)*6%*45%,0),0) -> 0 | AT43: =IF($H42*M43>150000,ROUNDDOWN(($H42*M43-150000)*6%*45%,0),0) -> 0 | AU43: =IF($H42*N43>150000,ROUNDDOWN(($H42*N43-150000)*6%*45%,0),0) -> 0 | AV43: =IF($H42*O43>150000,ROUNDDOWN(($H42*O43-150000)*6%*45%,0),0) -> 0 | AW43: =IF($H42*P43>150000,ROUNDDOWN(($H42*P43-150000)*6%*45%,0),0) -> 0 | ... BE43: =IF($H42*X43>150000,ROUNDDOWN(($H42*X43-150000)*6%*45%,0),0) -> 0
A44: 21 | B44: =IF(LEN(D44)>1,IF(VALUE(MID(RIGHT(D44,7),1,1))>4,"외국인",IF(VALUE(RIGHT(11-MOD((MID(D44,1,1)*2+MID(D44,2,1)*3+MID(D44,3,1)*4+MID(D44,4,1)*5+MID(D44,5,1)*6+MID(D44,6,1)*7+MID(RIGHT(D44,7),1,1)*8+MID(RIGHT(D44,7),2,1)*9+MID(RIGHT(D44,7),3,1)*2+MID(RIGHT(D44,7),4,1)*3+MID(RIGHT(D44,7),5,1)*4+MID(RIGHT(D44,7),6,1)*5),11),1))=VALUE(RIGHT(D44,1)),"","오류")),"") | Y44: =SUM(I44:X45) -> 0 | Z44: =COUNTIF(I44:X45,">0") -> 0 | AA44: =H44*Y44 -> 0 | AB44: =IF(AO44<1000, 0, AO44) -> 0 | AC44: =IF(IFERROR($AN44<65,FALSE), IF(B44<>"외국인", ROUNDDOWN(AA44*$AH$1%,-1), IF(AND(AM44<>"", ISNUMBER(SEARCH(LEFT(SUBSTITUTE(AM44, "-",""),2), "F2_F5_F6"))), ROUNDDOWN(AA44*$AH$1%,-1), 0)),0) -> 0 | AD44: =IF(Z44>=$AJ$1,ROUNDDOWN(AA44*$AH$2%,-1),0) -> 0 | AE44: =AB44+AC44+AB45+AC45+AD44+AD45 -> 0 | AF44: =AA44-AE44 -> 0 | AN44: =IFERROR(DATEDIF(DATE(IF(ISNUMBER(FIND(MID( SUBSTITUTE(D44, "-",""), 7, 1), "3478")), 2000, 1900)+MID(D44,1,2), MID(D44,3,2), MID(D44,5,2)), TODAY(), "Y"),"") | AO44: =ROUNDDOWN(SUM(AP44:BE45),-1) -> 0 | AP44: =IF($H44*I44>150000,ROUNDDOWN(($H44*I44-150000)*6%*45%,0),0) -> 0 | AQ44: =IF($H44*J44>150000,ROUNDDOWN(($H44*J44-150000)*6%*45%,0),0) -> 0 | AR44: =IF($H44*K44>150000,ROUNDDOWN(($H44*K44-150000)*6%*45%,0),0) -> 0 | AS44: =IF($H44*L44>150000,ROUNDDOWN(($H44*L44-150000)*6%*45%,0),0) -> 0 | AT44: =IF($H44*M44>150000,ROUNDDOWN(($H44*M44-150000)*6%*45%,0),0) -> 0 | AU44: =IF($H44*N44>150000,ROUNDDOWN(($H44*N44-150000)*6%*45%,0),0) -> 0 | AV44: =IF($H44*O44>150000,ROUNDDOWN(($H44*O44-150000)*6%*45%,0),0) -> 0 | AW44: =IF($H44*P44>150000,ROUNDDOWN(($H44*P44-150000)*6%*45%,0),0) -> 0 | ... BD44: =IF($H44*W44>150000,ROUNDDOWN(($H44*W44-150000)*6%*45%,0),0) -> 0 | BG44: =C44 -> 0 | BM44: =BK44*BL44 -> 0 | BV44: =BM44+BP44-BU44 -> 0
AB45: =ROUNDDOWN(AB44*10%,-1) -> 0 | AC45: =IFERROR(IF(AND( OR(COUNTIF(I44:X45, ">0")>=$AJ$1, AA44>=$AJ$4),AN44<60,AA44<=$AH$5),ROUNDDOWN(ROUNDDOWN(AA44,-3)*$AH$4%,-1),IF(AND(COUNTIF(I44:X45,">0")>=$AJ$1,AN44<60,AA44>$AH$5),$AJ$5,0)),0) -> 0 | AD45: =IF(Z44>=$AJ$1,ROUNDDOWN(AD44*$AH$3%/($AH$2*2%),-1),0) -> 0 | AP45: =IF($H44*I45>150000,ROUNDDOWN(($H44*I45-150000)*6%*45%,0),0) -> 0 | AQ45: =IF($H44*J45>150000,ROUNDDOWN(($H44*J45-150000)*6%*45%,0),0) -> 0 | AR45: =IF($H44*K45>150000,ROUNDDOWN(($H44*K45-150000)*6%*45%,0),0) -> 0 | AS45: =IF($H44*L45>150000,ROUNDDOWN(($H44*L45-150000)*6%*45%,0),0) -> 0 | AT45: =IF($H44*M45>150000,ROUNDDOWN(($H44*M45-150000)*6%*45%,0),0) -> 0 | AU45: =IF($H44*N45>150000,ROUNDDOWN(($H44*N45-150000)*6%*45%,0),0) -> 0 | AV45: =IF($H44*O45>150000,ROUNDDOWN(($H44*O45-150000)*6%*45%,0),0) -> 0 | AW45: =IF($H44*P45>150000,ROUNDDOWN(($H44*P45-150000)*6%*45%,0),0) -> 0 | ... BE45: =IF($H44*X45>150000,ROUNDDOWN(($H44*X45-150000)*6%*45%,0),0) -> 0
A46: 22 | B46: =IF(LEN(D46)>1,IF(VALUE(MID(RIGHT(D46,7),1,1))>4,"외국인",IF(VALUE(RIGHT(11-MOD((MID(D46,1,1)*2+MID(D46,2,1)*3+MID(D46,3,1)*4+MID(D46,4,1)*5+MID(D46,5,1)*6+MID(D46,6,1)*7+MID(RIGHT(D46,7),1,1)*8+MID(RIGHT(D46,7),2,1)*9+MID(RIGHT(D46,7),3,1)*2+MID(RIGHT(D46,7),4,1)*3+MID(RIGHT(D46,7),5,1)*4+MID(RIGHT(D46,7),6,1)*5),11),1))=VALUE(RIGHT(D46,1)),"","오류")),"") | Y46: =SUM(I46:X47) -> 0 | Z46: =COUNTIF(I46:X47,">0") -> 0 | AA46: =H46*Y46 -> 0 | AB46: =IF(AO46<1000, 0, AO46) -> 0 | AC46: =IF(IFERROR($AN46<65,FALSE), IF(B46<>"외국인", ROUNDDOWN(AA46*$AH$1%,-1), IF(AND(AM46<>"", ISNUMBER(SEARCH(LEFT(SUBSTITUTE(AM46, "-",""),2), "F2_F5_F6"))), ROUNDDOWN(AA46*$AH$1%,-1), 0)),0) -> 0 | AD46: =IF(Z46>=$AJ$1,ROUNDDOWN(AA46*$AH$2%,-1),0) -> 0 | AE46: =AB46+AC46+AB47+AC47+AD46+AD47 -> 0 | AF46: =AA46-AE46 -> 0 | AN46: =IFERROR(DATEDIF(DATE(IF(ISNUMBER(FIND(MID( SUBSTITUTE(D46, "-",""), 7, 1), "3478")), 2000, 1900)+MID(D46,1,2), MID(D46,3,2), MID(D46,5,2)), TODAY(), "Y"),"") | AO46: =ROUNDDOWN(SUM(AP46:BE47),-1) -> 0 | AP46: =IF($H46*I46>150000,ROUNDDOWN(($H46*I46-150000)*6%*45%,0),0) -> 0 | AQ46: =IF($H46*J46>150000,ROUNDDOWN(($H46*J46-150000)*6%*45%,0),0) -> 0 | AR46: =IF($H46*K46>150000,ROUNDDOWN(($H46*K46-150000)*6%*45%,0),0) -> 0 | AS46: =IF($H46*L46>150000,ROUNDDOWN(($H46*L46-150000)*6%*45%,0),0) -> 0 | AT46: =IF($H46*M46>150000,ROUNDDOWN(($H46*M46-150000)*6%*45%,0),0) -> 0 | AU46: =IF($H46*N46>150000,ROUNDDOWN(($H46*N46-150000)*6%*45%,0),0) -> 0 | AV46: =IF($H46*O46>150000,ROUNDDOWN(($H46*O46-150000)*6%*45%,0),0) -> 0 | AW46: =IF($H46*P46>150000,ROUNDDOWN(($H46*P46-150000)*6%*45%,0),0) -> 0 | ... BD46: =IF($H46*W46>150000,ROUNDDOWN(($H46*W46-150000)*6%*45%,0),0) -> 0 | BG46: =C46 -> 0 | BM46: =BK46*BL46 -> 0 | BV46: =BM46+BP46-BU46 -> 0
AB47: =ROUNDDOWN(AB46*10%,-1) -> 0 | AC47: =IFERROR(IF(AND( OR(COUNTIF(I46:X47, ">0")>=$AJ$1, AA46>=$AJ$4),AN46<60,AA46<=$AH$5),ROUNDDOWN(ROUNDDOWN(AA46,-3)*$AH$4%,-1),IF(AND(COUNTIF(I46:X47,">0")>=$AJ$1,AN46<60,AA46>$AH$5),$AJ$5,0)),0) -> 0 | AD47: =IF(Z46>=$AJ$1,ROUNDDOWN(AD46*$AH$3%/($AH$2*2%),-1),0) -> 0 | AP47: =IF($H46*I47>150000,ROUNDDOWN(($H46*I47-150000)*6%*45%,0),0) -> 0 | AQ47: =IF($H46*J47>150000,ROUNDDOWN(($H46*J47-150000)*6%*45%,0),0) -> 0 | AR47: =IF($H46*K47>150000,ROUNDDOWN(($H46*K47-150000)*6%*45%,0),0) -> 0 | AS47: =IF($H46*L47>150000,ROUNDDOWN(($H46*L47-150000)*6%*45%,0),0) -> 0 | AT47: =IF($H46*M47>150000,ROUNDDOWN(($H46*M47-150000)*6%*45%,0),0) -> 0 | AU47: =IF($H46*N47>150000,ROUNDDOWN(($H46*N47-150000)*6%*45%,0),0) -> 0 | AV47: =IF($H46*O47>150000,ROUNDDOWN(($H46*O47-150000)*6%*45%,0),0) -> 0 | AW47: =IF($H46*P47>150000,ROUNDDOWN(($H46*P47-150000)*6%*45%,0),0) -> 0 | ... BE47: =IF($H46*X47>150000,ROUNDDOWN(($H46*X47-150000)*6%*45%,0),0) -> 0
A48: 23 | B48: =IF(LEN(D48)>1,IF(VALUE(MID(RIGHT(D48,7),1,1))>4,"외국인",IF(VALUE(RIGHT(11-MOD((MID(D48,1,1)*2+MID(D48,2,1)*3+MID(D48,3,1)*4+MID(D48,4,1)*5+MID(D48,5,1)*6+MID(D48,6,1)*7+MID(RIGHT(D48,7),1,1)*8+MID(RIGHT(D48,7),2,1)*9+MID(RIGHT(D48,7),3,1)*2+MID(RIGHT(D48,7),4,1)*3+MID(RIGHT(D48,7),5,1)*4+MID(RIGHT(D48,7),6,1)*5),11),1))=VALUE(RIGHT(D48,1)),"","오류")),"") | Y48: =SUM(I48:X49) -> 0 | Z48: =COUNTIF(I48:X49,">0") -> 0 | AA48: =H48*Y48 -> 0 | AB48: =IF(AO48<1000, 0, AO48) -> 0 | AC48: =IF(IFERROR($AN48<65,FALSE), IF(B48<>"외국인", ROUNDDOWN(AA48*$AH$1%,-1), IF(AND(AM48<>"", ISNUMBER(SEARCH(LEFT(SUBSTITUTE(AM48, "-",""),2), "F2_F5_F6"))), ROUNDDOWN(AA48*$AH$1%,-1), 0)),0) -> 0 | AD48: =IF(Z48>=$AJ$1,ROUNDDOWN(AA48*$AH$2%,-1),0) -> 0 | AE48: =AB48+AC48+AB49+AC49+AD48+AD49 -> 0 | AF48: =AA48-AE48 -> 0 | AN48: =IFERROR(DATEDIF(DATE(IF(ISNUMBER(FIND(MID( SUBSTITUTE(D48, "-",""), 7, 1), "3478")), 2000, 1900)+MID(D48,1,2), MID(D48,3,2), MID(D48,5,2)), TODAY(), "Y"),"") | AO48: =ROUNDDOWN(SUM(AP48:BE49),-1) -> 0 | AP48: =IF($H48*I48>150000,ROUNDDOWN(($H48*I48-150000)*6%*45%,0),0) -> 0 | AQ48: =IF($H48*J48>150000,ROUNDDOWN(($H48*J48-150000)*6%*45%,0),0) -> 0 | AR48: =IF($H48*K48>150000,ROUNDDOWN(($H48*K48-150000)*6%*45%,0),0) -> 0 | AS48: =IF($H48*L48>150000,ROUNDDOWN(($H48*L48-150000)*6%*45%,0),0) -> 0 | AT48: =IF($H48*M48>150000,ROUNDDOWN(($H48*M48-150000)*6%*45%,0),0) -> 0 | AU48: =IF($H48*N48>150000,ROUNDDOWN(($H48*N48-150000)*6%*45%,0),0) -> 0 | AV48: =IF($H48*O48>150000,ROUNDDOWN(($H48*O48-150000)*6%*45%,0),0) -> 0 | AW48: =IF($H48*P48>150000,ROUNDDOWN(($H48*P48-150000)*6%*45%,0),0) -> 0 | ... BD48: =IF($H48*W48>150000,ROUNDDOWN(($H48*W48-150000)*6%*45%,0),0) -> 0 | BG48: =C48 -> 0 | BM48: =BK48*BL48 -> 0 | BV48: =BM48+BP48-BU48 -> 0
AB49: =ROUNDDOWN(AB48*10%,-1) -> 0 | AC49: =IFERROR(IF(AND( OR(COUNTIF(I48:X49, ">0")>=$AJ$1, AA48>=$AJ$4),AN48<60,AA48<=$AH$5),ROUNDDOWN(ROUNDDOWN(AA48,-3)*$AH$4%,-1),IF(AND(COUNTIF(I48:X49,">0")>=$AJ$1,AN48<60,AA48>$AH$5),$AJ$5,0)),0) -> 0 | AD49: =IF(Z48>=$AJ$1,ROUNDDOWN(AD48*$AH$3%/($AH$2*2%),-1),0) -> 0 | AP49: =IF($H48*I49>150000,ROUNDDOWN(($H48*I49-150000)*6%*45%,0),0) -> 0 | AQ49: =IF($H48*J49>150000,ROUNDDOWN(($H48*J49-150000)*6%*45%,0),0) -> 0 | AR49: =IF($H48*K49>150000,ROUNDDOWN(($H48*K49-150000)*6%*45%,0),0) -> 0 | AS49: =IF($H48*L49>150000,ROUNDDOWN(($H48*L49-150000)*6%*45%,0),0) -> 0 | AT49: =IF($H48*M49>150000,ROUNDDOWN(($H48*M49-150000)*6%*45%,0),0) -> 0 | AU49: =IF($H48*N49>150000,ROUNDDOWN(($H48*N49-150000)*6%*45%,0),0) -> 0 | AV49: =IF($H48*O49>150000,ROUNDDOWN(($H48*O49-150000)*6%*45%,0),0) -> 0 | AW49: =IF($H48*P49>150000,ROUNDDOWN(($H48*P49-150000)*6%*45%,0),0) -> 0 | ... BE49: =IF($H48*X49>150000,ROUNDDOWN(($H48*X49-150000)*6%*45%,0),0) -> 0
A50: 24 | B50: =IF(LEN(D50)>1,IF(VALUE(MID(RIGHT(D50,7),1,1))>4,"외국인",IF(VALUE(RIGHT(11-MOD((MID(D50,1,1)*2+MID(D50,2,1)*3+MID(D50,3,1)*4+MID(D50,4,1)*5+MID(D50,5,1)*6+MID(D50,6,1)*7+MID(RIGHT(D50,7),1,1)*8+MID(RIGHT(D50,7),2,1)*9+MID(RIGHT(D50,7),3,1)*2+MID(RIGHT(D50,7),4,1)*3+MID(RIGHT(D50,7),5,1)*4+MID(RIGHT(D50,7),6,1)*5),11),1))=VALUE(RIGHT(D50,1)),"","오류")),"") | Y50: =SUM(I50:X51) -> 0 | Z50: =COUNTIF(I50:X51,">0") -> 0 | AA50: =H50*Y50 -> 0 | AB50: =IF(AO50<1000, 0, AO50) -> 0 | AC50: =IF(IFERROR($AN50<65,FALSE), IF(B50<>"외국인", ROUNDDOWN(AA50*$AH$1%,-1), IF(AND(AM50<>"", ISNUMBER(SEARCH(LEFT(SUBSTITUTE(AM50, "-",""),2), "F2_F5_F6"))), ROUNDDOWN(AA50*$AH$1%,-1), 0)),0) -> 0 | AD50: =IF(Z50>=$AJ$1,ROUNDDOWN(AA50*$AH$2%,-1),0) -> 0 | AE50: =AB50+AC50+AB51+AC51+AD50+AD51 -> 0 | AF50: =AA50-AE50 -> 0 | AN50: =IFERROR(DATEDIF(DATE(IF(ISNUMBER(FIND(MID( SUBSTITUTE(D50, "-",""), 7, 1), "3478")), 2000, 1900)+MID(D50,1,2), MID(D50,3,2), MID(D50,5,2)), TODAY(), "Y"),"") | AO50: =ROUNDDOWN(SUM(AP50:BE51),-1) -> 0 | AP50: =IF($H50*I50>150000,ROUNDDOWN(($H50*I50-150000)*6%*45%,0),0) -> 0 | AQ50: =IF($H50*J50>150000,ROUNDDOWN(($H50*J50-150000)*6%*45%,0),0) -> 0 | AR50: =IF($H50*K50>150000,ROUNDDOWN(($H50*K50-150000)*6%*45%,0),0) -> 0 | AS50: =IF($H50*L50>150000,ROUNDDOWN(($H50*L50-150000)*6%*45%,0),0) -> 0 | AT50: =IF($H50*M50>150000,ROUNDDOWN(($H50*M50-150000)*6%*45%,0),0) -> 0 | AU50: =IF($H50*N50>150000,ROUNDDOWN(($H50*N50-150000)*6%*45%,0),0) -> 0 | AV50: =IF($H50*O50>150000,ROUNDDOWN(($H50*O50-150000)*6%*45%,0),0) -> 0 | AW50: =IF($H50*P50>150000,ROUNDDOWN(($H50*P50-150000)*6%*45%,0),0) -> 0 | ... BD50: =IF($H50*W50>150000,ROUNDDOWN(($H50*W50-150000)*6%*45%,0),0) -> 0 | BG50: =C50 -> 0 | BM50: =BK50*BL50 -> 0 | BV50: =BM50+BP50-BU50 -> 0
AB51: =ROUNDDOWN(AB50*10%,-1) -> 0 | AC51: =IFERROR(IF(AND( OR(COUNTIF(I50:X51, ">0")>=$AJ$1, AA50>=$AJ$4),AN50<60,AA50<=$AH$5),ROUNDDOWN(ROUNDDOWN(AA50,-3)*$AH$4%,-1),IF(AND(COUNTIF(I50:X51,">0")>=$AJ$1,AN50<60,AA50>$AH$5),$AJ$5,0)),0) -> 0 | AD51: =IF(Z50>=$AJ$1,ROUNDDOWN(AD50*$AH$3%/($AH$2*2%),-1),0) -> 0 | AP51: =IF($H50*I51>150000,ROUNDDOWN(($H50*I51-150000)*6%*45%,0),0) -> 0 | AQ51: =IF($H50*J51>150000,ROUNDDOWN(($H50*J51-150000)*6%*45%,0),0) -> 0 | AR51: =IF($H50*K51>150000,ROUNDDOWN(($H50*K51-150000)*6%*45%,0),0) -> 0 | AS51: =IF($H50*L51>150000,ROUNDDOWN(($H50*L51-150000)*6%*45%,0),0) -> 0 | AT51: =IF($H50*M51>150000,ROUNDDOWN(($H50*M51-150000)*6%*45%,0),0) -> 0 | AU51: =IF($H50*N51>150000,ROUNDDOWN(($H50*N51-150000)*6%*45%,0),0) -> 0 | AV51: =IF($H50*O51>150000,ROUNDDOWN(($H50*O51-150000)*6%*45%,0),0) -> 0 | AW51: =IF($H50*P51>150000,ROUNDDOWN(($H50*P51-150000)*6%*45%,0),0) -> 0 | ... BE51: =IF($H50*X51>150000,ROUNDDOWN(($H50*X51-150000)*6%*45%,0),0) -> 0
A52: 25 | B52: =IF(LEN(D52)>1,IF(VALUE(MID(RIGHT(D52,7),1,1))>4,"외국인",IF(VALUE(RIGHT(11-MOD((MID(D52,1,1)*2+MID(D52,2,1)*3+MID(D52,3,1)*4+MID(D52,4,1)*5+MID(D52,5,1)*6+MID(D52,6,1)*7+MID(RIGHT(D52,7),1,1)*8+MID(RIGHT(D52,7),2,1)*9+MID(RIGHT(D52,7),3,1)*2+MID(RIGHT(D52,7),4,1)*3+MID(RIGHT(D52,7),5,1)*4+MID(RIGHT(D52,7),6,1)*5),11),1))=VALUE(RIGHT(D52,1)),"","오류")),"") | Y52: =SUM(I52:X53) -> 0 | Z52: =COUNTIF(I52:X53,">0") -> 0 | AA52: =H52*Y52 -> 0 | AB52: =IF(AO52<1000, 0, AO52) -> 0 | AC52: =IF(IFERROR($AN52<65,FALSE), IF(B52<>"외국인", ROUNDDOWN(AA52*$AH$1%,-1), IF(AND(AM52<>"", ISNUMBER(SEARCH(LEFT(SUBSTITUTE(AM52, "-",""),2), "F2_F5_F6"))), ROUNDDOWN(AA52*$AH$1%,-1), 0)),0) -> 0 | AD52: =IF(Z52>=$AJ$1,ROUNDDOWN(AA52*$AH$2%,-1),0) -> 0 | AE52: =AB52+AC52+AB53+AC53+AD52+AD53 -> 0 | AF52: =AA52-AE52 -> 0 | AN52: =IFERROR(DATEDIF(DATE(IF(ISNUMBER(FIND(MID( SUBSTITUTE(D52, "-",""), 7, 1), "3478")), 2000, 1900)+MID(D52,1,2), MID(D52,3,2), MID(D52,5,2)), TODAY(), "Y"),"") | AO52: =ROUNDDOWN(SUM(AP52:BE53),-1) -> 0 | AP52: =IF($H52*I52>150000,ROUNDDOWN(($H52*I52-150000)*6%*45%,0),0) -> 0 | AQ52: =IF($H52*J52>150000,ROUNDDOWN(($H52*J52-150000)*6%*45%,0),0) -> 0 | AR52: =IF($H52*K52>150000,ROUNDDOWN(($H52*K52-150000)*6%*45%,0),0) -> 0 | AS52: =IF($H52*L52>150000,ROUNDDOWN(($H52*L52-150000)*6%*45%,0),0) -> 0 | AT52: =IF($H52*M52>150000,ROUNDDOWN(($H52*M52-150000)*6%*45%,0),0) -> 0 | AU52: =IF($H52*N52>150000,ROUNDDOWN(($H52*N52-150000)*6%*45%,0),0) -> 0 | AV52: =IF($H52*O52>150000,ROUNDDOWN(($H52*O52-150000)*6%*45%,0),0) -> 0 | AW52: =IF($H52*P52>150000,ROUNDDOWN(($H52*P52-150000)*6%*45%,0),0) -> 0 | ... BD52: =IF($H52*W52>150000,ROUNDDOWN(($H52*W52-150000)*6%*45%,0),0) -> 0 | BG52: =C52 -> 0 | BM52: =BK52*BL52 -> 0 | BV52: =BM52+BP52-BU52 -> 0
AB53: =ROUNDDOWN(AB52*10%,-1) -> 0 | AC53: =IFERROR(IF(AND( OR(COUNTIF(I52:X53, ">0")>=$AJ$1, AA52>=$AJ$4),AN52<60,AA52<=$AH$5),ROUNDDOWN(ROUNDDOWN(AA52,-3)*$AH$4%,-1),IF(AND(COUNTIF(I52:X53,">0")>=$AJ$1,AN52<60,AA52>$AH$5),$AJ$5,0)),0) -> 0 | AD53: =IF(Z52>=$AJ$1,ROUNDDOWN(AD52*$AH$3%/($AH$2*2%),-1),0) -> 0 | AP53: =IF($H52*I53>150000,ROUNDDOWN(($H52*I53-150000)*6%*45%,0),0) -> 0 | AQ53: =IF($H52*J53>150000,ROUNDDOWN(($H52*J53-150000)*6%*45%,0),0) -> 0 | AR53: =IF($H52*K53>150000,ROUNDDOWN(($H52*K53-150000)*6%*45%,0),0) -> 0 | AS53: =IF($H52*L53>150000,ROUNDDOWN(($H52*L53-150000)*6%*45%,0),0) -> 0 | AT53: =IF($H52*M53>150000,ROUNDDOWN(($H52*M53-150000)*6%*45%,0),0) -> 0 | AU53: =IF($H52*N53>150000,ROUNDDOWN(($H52*N53-150000)*6%*45%,0),0) -> 0 | AV53: =IF($H52*O53>150000,ROUNDDOWN(($H52*O53-150000)*6%*45%,0),0) -> 0 | AW53: =IF($H52*P53>150000,ROUNDDOWN(($H52*P53-150000)*6%*45%,0),0) -> 0 | ... BE53: =IF($H52*X53>150000,ROUNDDOWN(($H52*X53-150000)*6%*45%,0),0) -> 0
A54: 26 | B54: =IF(LEN(D54)>1,IF(VALUE(MID(RIGHT(D54,7),1,1))>4,"외국인",IF(VALUE(RIGHT(11-MOD((MID(D54,1,1)*2+MID(D54,2,1)*3+MID(D54,3,1)*4+MID(D54,4,1)*5+MID(D54,5,1)*6+MID(D54,6,1)*7+MID(RIGHT(D54,7),1,1)*8+MID(RIGHT(D54,7),2,1)*9+MID(RIGHT(D54,7),3,1)*2+MID(RIGHT(D54,7),4,1)*3+MID(RIGHT(D54,7),5,1)*4+MID(RIGHT(D54,7),6,1)*5),11),1))=VALUE(RIGHT(D54,1)),"","오류")),"") | Y54: =SUM(I54:X55) -> 0 | Z54: =COUNTIF(I54:X55,">0") -> 0 | AA54: =H54*Y54 -> 0 | AB54: =IF(AO54<1000, 0, AO54) -> 0 | AC54: =IF(IFERROR($AN54<65,FALSE), IF(B54<>"외국인", ROUNDDOWN(AA54*$AH$1%,-1), IF(AND(AM54<>"", ISNUMBER(SEARCH(LEFT(SUBSTITUTE(AM54, "-",""),2), "F2_F5_F6"))), ROUNDDOWN(AA54*$AH$1%,-1), 0)),0) -> 0 | AD54: =IF(Z54>=$AJ$1,ROUNDDOWN(AA54*$AH$2%,-1),0) -> 0 | AE54: =AB54+AC54+AB55+AC55+AD54+AD55 -> 0 | AF54: =AA54-AE54 -> 0 | AN54: =IFERROR(DATEDIF(DATE(IF(ISNUMBER(FIND(MID( SUBSTITUTE(D54, "-",""), 7, 1), "3478")), 2000, 1900)+MID(D54,1,2), MID(D54,3,2), MID(D54,5,2)), TODAY(), "Y"),"") | AO54: =ROUNDDOWN(SUM(AP54:BE55),-1) -> 0 | AP54: =IF($H54*I54>150000,ROUNDDOWN(($H54*I54-150000)*6%*45%,0),0) -> 0 | AQ54: =IF($H54*J54>150000,ROUNDDOWN(($H54*J54-150000)*6%*45%,0),0) -> 0 | AR54: =IF($H54*K54>150000,ROUNDDOWN(($H54*K54-150000)*6%*45%,0),0) -> 0 | AS54: =IF($H54*L54>150000,ROUNDDOWN(($H54*L54-150000)*6%*45%,0),0) -> 0 | AT54: =IF($H54*M54>150000,ROUNDDOWN(($H54*M54-150000)*6%*45%,0),0) -> 0 | AU54: =IF($H54*N54>150000,ROUNDDOWN(($H54*N54-150000)*6%*45%,0),0) -> 0 | AV54: =IF($H54*O54>150000,ROUNDDOWN(($H54*O54-150000)*6%*45%,0),0) -> 0 | AW54: =IF($H54*P54>150000,ROUNDDOWN(($H54*P54-150000)*6%*45%,0),0) -> 0 | ... BD54: =IF($H54*W54>150000,ROUNDDOWN(($H54*W54-150000)*6%*45%,0),0) -> 0 | BG54: =C54 -> 0 | BM54: =BK54*BL54 -> 0 | BV54: =BM54+BP54-BU54 -> 0
AB55: =ROUNDDOWN(AB54*10%,-1) -> 0 | AC55: =IFERROR(IF(AND( OR(COUNTIF(I54:X55, ">0")>=$AJ$1, AA54>=$AJ$4),AN54<60,AA54<=$AH$5),ROUNDDOWN(ROUNDDOWN(AA54,-3)*$AH$4%,-1),IF(AND(COUNTIF(I54:X55,">0")>=$AJ$1,AN54<60,AA54>$AH$5),$AJ$5,0)),0) -> 0 | AD55: =IF(Z54>=$AJ$1,ROUNDDOWN(AD54*$AH$3%/($AH$2*2%),-1),0) -> 0 | AP55: =IF($H54*I55>150000,ROUNDDOWN(($H54*I55-150000)*6%*45%,0),0) -> 0 | AQ55: =IF($H54*J55>150000,ROUNDDOWN(($H54*J55-150000)*6%*45%,0),0) -> 0 | AR55: =IF($H54*K55>150000,ROUNDDOWN(($H54*K55-150000)*6%*45%,0),0) -> 0 | AS55: =IF($H54*L55>150000,ROUNDDOWN(($H54*L55-150000)*6%*45%,0),0) -> 0 | AT55: =IF($H54*M55>150000,ROUNDDOWN(($H54*M55-150000)*6%*45%,0),0) -> 0 | AU55: =IF($H54*N55>150000,ROUNDDOWN(($H54*N55-150000)*6%*45%,0),0) -> 0 | AV55: =IF($H54*O55>150000,ROUNDDOWN(($H54*O55-150000)*6%*45%,0),0) -> 0 | AW55: =IF($H54*P55>150000,ROUNDDOWN(($H54*P55-150000)*6%*45%,0),0) -> 0 | ... BE55: =IF($H54*X55>150000,ROUNDDOWN(($H54*X55-150000)*6%*45%,0),0) -> 0
A56: 27 | B56: =IF(LEN(D56)>1,IF(VALUE(MID(RIGHT(D56,7),1,1))>4,"외국인",IF(VALUE(RIGHT(11-MOD((MID(D56,1,1)*2+MID(D56,2,1)*3+MID(D56,3,1)*4+MID(D56,4,1)*5+MID(D56,5,1)*6+MID(D56,6,1)*7+MID(RIGHT(D56,7),1,1)*8+MID(RIGHT(D56,7),2,1)*9+MID(RIGHT(D56,7),3,1)*2+MID(RIGHT(D56,7),4,1)*3+MID(RIGHT(D56,7),5,1)*4+MID(RIGHT(D56,7),6,1)*5),11),1))=VALUE(RIGHT(D56,1)),"","오류")),"") | Y56: =SUM(I56:X57) -> 0 | Z56: =COUNTIF(I56:X57,">0") -> 0 | AA56: =H56*Y56 -> 0 | AB56: =IF(AO56<1000, 0, AO56) -> 0 | AC56: =IF(IFERROR($AN56<65,FALSE), IF(B56<>"외국인", ROUNDDOWN(AA56*$AH$1%,-1), IF(AND(AM56<>"", ISNUMBER(SEARCH(LEFT(SUBSTITUTE(AM56, "-",""),2), "F2_F5_F6"))), ROUNDDOWN(AA56*$AH$1%,-1), 0)),0) -> 0 | AD56: =IF(Z56>=$AJ$1,ROUNDDOWN(AA56*$AH$2%,-1),0) -> 0 | AE56: =AB56+AC56+AB57+AC57+AD56+AD57 -> 0 | AF56: =AA56-AE56 -> 0 | AN56: =IFERROR(DATEDIF(DATE(IF(ISNUMBER(FIND(MID( SUBSTITUTE(D56, "-",""), 7, 1), "3478")), 2000, 1900)+MID(D56,1,2), MID(D56,3,2), MID(D56,5,2)), TODAY(), "Y"),"") | AO56: =ROUNDDOWN(SUM(AP56:BE57),-1) -> 0 | AP56: =IF($H56*I56>150000,ROUNDDOWN(($H56*I56-150000)*6%*45%,0),0) -> 0 | AQ56: =IF($H56*J56>150000,ROUNDDOWN(($H56*J56-150000)*6%*45%,0),0) -> 0 | AR56: =IF($H56*K56>150000,ROUNDDOWN(($H56*K56-150000)*6%*45%,0),0) -> 0 | AS56: =IF($H56*L56>150000,ROUNDDOWN(($H56*L56-150000)*6%*45%,0),0) -> 0 | AT56: =IF($H56*M56>150000,ROUNDDOWN(($H56*M56-150000)*6%*45%,0),0) -> 0 | AU56: =IF($H56*N56>150000,ROUNDDOWN(($H56*N56-150000)*6%*45%,0),0) -> 0 | AV56: =IF($H56*O56>150000,ROUNDDOWN(($H56*O56-150000)*6%*45%,0),0) -> 0 | AW56: =IF($H56*P56>150000,ROUNDDOWN(($H56*P56-150000)*6%*45%,0),0) -> 0 | ... BD56: =IF($H56*W56>150000,ROUNDDOWN(($H56*W56-150000)*6%*45%,0),0) -> 0 | BG56: =C56 -> 0 | BM56: =BK56*BL56 -> 0 | BV56: =BM56+BP56-BU56 -> 0
AB57: =ROUNDDOWN(AB56*10%,-1) -> 0 | AC57: =IFERROR(IF(AND( OR(COUNTIF(I56:X57, ">0")>=$AJ$1, AA56>=$AJ$4),AN56<60,AA56<=$AH$5),ROUNDDOWN(ROUNDDOWN(AA56,-3)*$AH$4%,-1),IF(AND(COUNTIF(I56:X57,">0")>=$AJ$1,AN56<60,AA56>$AH$5),$AJ$5,0)),0) -> 0 | AD57: =IF(Z56>=$AJ$1,ROUNDDOWN(AD56*$AH$3%/($AH$2*2%),-1),0) -> 0 | AP57: =IF($H56*I57>150000,ROUNDDOWN(($H56*I57-150000)*6%*45%,0),0) -> 0 | AQ57: =IF($H56*J57>150000,ROUNDDOWN(($H56*J57-150000)*6%*45%,0),0) -> 0 | AR57: =IF($H56*K57>150000,ROUNDDOWN(($H56*K57-150000)*6%*45%,0),0) -> 0 | AS57: =IF($H56*L57>150000,ROUNDDOWN(($H56*L57-150000)*6%*45%,0),0) -> 0 | AT57: =IF($H56*M57>150000,ROUNDDOWN(($H56*M57-150000)*6%*45%,0),0) -> 0 | AU57: =IF($H56*N57>150000,ROUNDDOWN(($H56*N57-150000)*6%*45%,0),0) -> 0 | AV57: =IF($H56*O57>150000,ROUNDDOWN(($H56*O57-150000)*6%*45%,0),0) -> 0 | AW57: =IF($H56*P57>150000,ROUNDDOWN(($H56*P57-150000)*6%*45%,0),0) -> 0 | ... BE57: =IF($H56*X57>150000,ROUNDDOWN(($H56*X57-150000)*6%*45%,0),0) -> 0
A58: 28 | B58: =IF(LEN(D58)>1,IF(VALUE(MID(RIGHT(D58,7),1,1))>4,"외국인",IF(VALUE(RIGHT(11-MOD((MID(D58,1,1)*2+MID(D58,2,1)*3+MID(D58,3,1)*4+MID(D58,4,1)*5+MID(D58,5,1)*6+MID(D58,6,1)*7+MID(RIGHT(D58,7),1,1)*8+MID(RIGHT(D58,7),2,1)*9+MID(RIGHT(D58,7),3,1)*2+MID(RIGHT(D58,7),4,1)*3+MID(RIGHT(D58,7),5,1)*4+MID(RIGHT(D58,7),6,1)*5),11),1))=VALUE(RIGHT(D58,1)),"","오류")),"") | Y58: =SUM(I58:X59) -> 0 | Z58: =COUNTIF(I58:X59,">0") -> 0 | AA58: =H58*Y58 -> 0 | AB58: =IF(AO58<1000, 0, AO58) -> 0 | AC58: =IF(IFERROR($AN58<65,FALSE), IF(B58<>"외국인", ROUNDDOWN(AA58*$AH$1%,-1), IF(AND(AM58<>"", ISNUMBER(SEARCH(LEFT(SUBSTITUTE(AM58, "-",""),2), "F2_F5_F6"))), ROUNDDOWN(AA58*$AH$1%,-1), 0)),0) -> 0 | AD58: =IF(Z58>=$AJ$1,ROUNDDOWN(AA58*$AH$2%,-1),0) -> 0 | AE58: =AB58+AC58+AB59+AC59+AD58+AD59 -> 0 | AF58: =AA58-AE58 -> 0 | AN58: =IFERROR(DATEDIF(DATE(IF(ISNUMBER(FIND(MID( SUBSTITUTE(D58, "-",""), 7, 1), "3478")), 2000, 1900)+MID(D58,1,2), MID(D58,3,2), MID(D58,5,2)), TODAY(), "Y"),"") | AO58: =ROUNDDOWN(SUM(AP58:BE59),-1) -> 0 | AP58: =IF($H58*I58>150000,ROUNDDOWN(($H58*I58-150000)*6%*45%,0),0) -> 0 | AQ58: =IF($H58*J58>150000,ROUNDDOWN(($H58*J58-150000)*6%*45%,0),0) -> 0 | AR58: =IF($H58*K58>150000,ROUNDDOWN(($H58*K58-150000)*6%*45%,0),0) -> 0 | AS58: =IF($H58*L58>150000,ROUNDDOWN(($H58*L58-150000)*6%*45%,0),0) -> 0 | AT58: =IF($H58*M58>150000,ROUNDDOWN(($H58*M58-150000)*6%*45%,0),0) -> 0 | AU58: =IF($H58*N58>150000,ROUNDDOWN(($H58*N58-150000)*6%*45%,0),0) -> 0 | AV58: =IF($H58*O58>150000,ROUNDDOWN(($H58*O58-150000)*6%*45%,0),0) -> 0 | AW58: =IF($H58*P58>150000,ROUNDDOWN(($H58*P58-150000)*6%*45%,0),0) -> 0 | ... BD58: =IF($H58*W58>150000,ROUNDDOWN(($H58*W58-150000)*6%*45%,0),0) -> 0 | BG58: =C58 -> 0 | BM58: =BK58*BL58 -> 0 | BV58: =BM58+BP58-BU58 -> 0
AB59: =ROUNDDOWN(AB58*10%,-1) -> 0 | AC59: =IFERROR(IF(AND( OR(COUNTIF(I58:X59, ">0")>=$AJ$1, AA58>=$AJ$4),AN58<60,AA58<=$AH$5),ROUNDDOWN(ROUNDDOWN(AA58,-3)*$AH$4%,-1),IF(AND(COUNTIF(I58:X59,">0")>=$AJ$1,AN58<60,AA58>$AH$5),$AJ$5,0)),0) -> 0 | AD59: =IF(Z58>=$AJ$1,ROUNDDOWN(AD58*$AH$3%/($AH$2*2%),-1),0) -> 0 | AP59: =IF($H58*I59>150000,ROUNDDOWN(($H58*I59-150000)*6%*45%,0),0) -> 0 | AQ59: =IF($H58*J59>150000,ROUNDDOWN(($H58*J59-150000)*6%*45%,0),0) -> 0 | AR59: =IF($H58*K59>150000,ROUNDDOWN(($H58*K59-150000)*6%*45%,0),0) -> 0 | AS59: =IF($H58*L59>150000,ROUNDDOWN(($H58*L59-150000)*6%*45%,0),0) -> 0 | AT59: =IF($H58*M59>150000,ROUNDDOWN(($H58*M59-150000)*6%*45%,0),0) -> 0 | AU59: =IF($H58*N59>150000,ROUNDDOWN(($H58*N59-150000)*6%*45%,0),0) -> 0 | AV59: =IF($H58*O59>150000,ROUNDDOWN(($H58*O59-150000)*6%*45%,0),0) -> 0 | AW59: =IF($H58*P59>150000,ROUNDDOWN(($H58*P59-150000)*6%*45%,0),0) -> 0 | ... BE59: =IF($H58*X59>150000,ROUNDDOWN(($H58*X59-150000)*6%*45%,0),0) -> 0
A60: 29 | B60: =IF(LEN(D60)>1,IF(VALUE(MID(RIGHT(D60,7),1,1))>4,"외국인",IF(VALUE(RIGHT(11-MOD((MID(D60,1,1)*2+MID(D60,2,1)*3+MID(D60,3,1)*4+MID(D60,4,1)*5+MID(D60,5,1)*6+MID(D60,6,1)*7+MID(RIGHT(D60,7),1,1)*8+MID(RIGHT(D60,7),2,1)*9+MID(RIGHT(D60,7),3,1)*2+MID(RIGHT(D60,7),4,1)*3+MID(RIGHT(D60,7),5,1)*4+MID(RIGHT(D60,7),6,1)*5),11),1))=VALUE(RIGHT(D60,1)),"","오류")),"") | Y60: =SUM(I60:X61) -> 0 | Z60: =COUNTIF(I60:X61,">0") -> 0 | AA60: =H60*Y60 -> 0 | AB60: =IF(AO60<1000, 0, AO60) -> 0 | AC60: =IF(IFERROR($AN60<65,FALSE), IF(B60<>"외국인", ROUNDDOWN(AA60*$AH$1%,-1), IF(AND(AM60<>"", ISNUMBER(SEARCH(LEFT(SUBSTITUTE(AM60, "-",""),2), "F2_F5_F6"))), ROUNDDOWN(AA60*$AH$1%,-1), 0)),0) -> 0 | AD60: =IF(Z60>=$AJ$1,ROUNDDOWN(AA60*$AH$2%,-1),0) -> 0 | AE60: =AB60+AC60+AB61+AC61+AD60+AD61 -> 0 | AF60: =AA60-AE60 -> 0 | AN60: =IFERROR(DATEDIF(DATE(IF(ISNUMBER(FIND(MID( SUBSTITUTE(D60, "-",""), 7, 1), "3478")), 2000, 1900)+MID(D60,1,2), MID(D60,3,2), MID(D60,5,2)), TODAY(), "Y"),"") | AO60: =ROUNDDOWN(SUM(AP60:BE61),-1) -> 0 | AP60: =IF($H60*I60>150000,ROUNDDOWN(($H60*I60-150000)*6%*45%,0),0) -> 0 | AQ60: =IF($H60*J60>150000,ROUNDDOWN(($H60*J60-150000)*6%*45%,0),0) -> 0 | AR60: =IF($H60*K60>150000,ROUNDDOWN(($H60*K60-150000)*6%*45%,0),0) -> 0 | AS60: =IF($H60*L60>150000,ROUNDDOWN(($H60*L60-150000)*6%*45%,0),0) -> 0 | AT60: =IF($H60*M60>150000,ROUNDDOWN(($H60*M60-150000)*6%*45%,0),0) -> 0 | AU60: =IF($H60*N60>150000,ROUNDDOWN(($H60*N60-150000)*6%*45%,0),0) -> 0 | AV60: =IF($H60*O60>150000,ROUNDDOWN(($H60*O60-150000)*6%*45%,0),0) -> 0 | AW60: =IF($H60*P60>150000,ROUNDDOWN(($H60*P60-150000)*6%*45%,0),0) -> 0 | ... BD60: =IF($H60*W60>150000,ROUNDDOWN(($H60*W60-150000)*6%*45%,0),0) -> 0 | BG60: =C60 -> 0 | BM60: =BK60*BL60 -> 0 | BV60: =BM60+BP60-BU60 -> 0
AB61: =ROUNDDOWN(AB60*10%,-1) -> 0 | AC61: =IFERROR(IF(AND( OR(COUNTIF(I60:X61, ">0")>=$AJ$1, AA60>=$AJ$4),AN60<60,AA60<=$AH$5),ROUNDDOWN(ROUNDDOWN(AA60,-3)*$AH$4%,-1),IF(AND(COUNTIF(I60:X61,">0")>=$AJ$1,AN60<60,AA60>$AH$5),$AJ$5,0)),0) -> 0 | AD61: =IF(Z60>=$AJ$1,ROUNDDOWN(AD60*$AH$3%/($AH$2*2%),-1),0) -> 0 | AP61: =IF($H60*I61>150000,ROUNDDOWN(($H60*I61-150000)*6%*45%,0),0) -> 0 | AQ61: =IF($H60*J61>150000,ROUNDDOWN(($H60*J61-150000)*6%*45%,0),0) -> 0 | AR61: =IF($H60*K61>150000,ROUNDDOWN(($H60*K61-150000)*6%*45%,0),0) -> 0 | AS61: =IF($H60*L61>150000,ROUNDDOWN(($H60*L61-150000)*6%*45%,0),0) -> 0 | AT61: =IF($H60*M61>150000,ROUNDDOWN(($H60*M61-150000)*6%*45%,0),0) -> 0 | AU61: =IF($H60*N61>150000,ROUNDDOWN(($H60*N61-150000)*6%*45%,0),0) -> 0 | AV61: =IF($H60*O61>150000,ROUNDDOWN(($H60*O61-150000)*6%*45%,0),0) -> 0 | AW61: =IF($H60*P61>150000,ROUNDDOWN(($H60*P61-150000)*6%*45%,0),0) -> 0 | ... BE61: =IF($H60*X61>150000,ROUNDDOWN(($H60*X61-150000)*6%*45%,0),0) -> 0
A62: 30 | B62: =IF(LEN(D62)>1,IF(VALUE(MID(RIGHT(D62,7),1,1))>4,"외국인",IF(VALUE(RIGHT(11-MOD((MID(D62,1,1)*2+MID(D62,2,1)*3+MID(D62,3,1)*4+MID(D62,4,1)*5+MID(D62,5,1)*6+MID(D62,6,1)*7+MID(RIGHT(D62,7),1,1)*8+MID(RIGHT(D62,7),2,1)*9+MID(RIGHT(D62,7),3,1)*2+MID(RIGHT(D62,7),4,1)*3+MID(RIGHT(D62,7),5,1)*4+MID(RIGHT(D62,7),6,1)*5),11),1))=VALUE(RIGHT(D62,1)),"","오류")),"") | Y62: =SUM(I62:X63) -> 0 | Z62: =COUNTIF(I62:X63,">0") -> 0 | AA62: =H62*Y62 -> 0 | AB62: =IF(AO62<1000, 0, AO62) -> 0 | AC62: =IF(IFERROR($AN62<65,FALSE), IF(B62<>"외국인", ROUNDDOWN(AA62*$AH$1%,-1), IF(AND(AM62<>"", ISNUMBER(SEARCH(LEFT(SUBSTITUTE(AM62, "-",""),2), "F2_F5_F6"))), ROUNDDOWN(AA62*$AH$1%,-1), 0)),0) -> 0 | AD62: =IF(Z62>=$AJ$1,ROUNDDOWN(AA62*$AH$2%,-1),0) -> 0 | AE62: =AB62+AC62+AB63+AC63+AD62+AD63 -> 0 | AF62: =AA62-AE62 -> 0 | AN62: =IFERROR(DATEDIF(DATE(IF(ISNUMBER(FIND(MID( SUBSTITUTE(D62, "-",""), 7, 1), "3478")), 2000, 1900)+MID(D62,1,2), MID(D62,3,2), MID(D62,5,2)), TODAY(), "Y"),"") | AO62: =ROUNDDOWN(SUM(AP62:BE63),-1) -> 0 | AP62: =IF($H62*I62>150000,ROUNDDOWN(($H62*I62-150000)*6%*45%,0),0) -> 0 | AQ62: =IF($H62*J62>150000,ROUNDDOWN(($H62*J62-150000)*6%*45%,0),0) -> 0 | AR62: =IF($H62*K62>150000,ROUNDDOWN(($H62*K62-150000)*6%*45%,0),0) -> 0 | AS62: =IF($H62*L62>150000,ROUNDDOWN(($H62*L62-150000)*6%*45%,0),0) -> 0 | AT62: =IF($H62*M62>150000,ROUNDDOWN(($H62*M62-150000)*6%*45%,0),0) -> 0 | AU62: =IF($H62*N62>150000,ROUNDDOWN(($H62*N62-150000)*6%*45%,0),0) -> 0 | AV62: =IF($H62*O62>150000,ROUNDDOWN(($H62*O62-150000)*6%*45%,0),0) -> 0 | AW62: =IF($H62*P62>150000,ROUNDDOWN(($H62*P62-150000)*6%*45%,0),0) -> 0 | ... BD62: =IF($H62*W62>150000,ROUNDDOWN(($H62*W62-150000)*6%*45%,0),0) -> 0 | BG62: =C62 -> 0 | BM62: =BK62*BL62 -> 0 | BV62: =BM62+BP62-BU62 -> 0
AB63: =ROUNDDOWN(AB62*10%,-1) -> 0 | AC63: =IFERROR(IF(AND( OR(COUNTIF(I62:X63, ">0")>=$AJ$1, AA62>=$AJ$4),AN62<60,AA62<=$AH$5),ROUNDDOWN(ROUNDDOWN(AA62,-3)*$AH$4%,-1),IF(AND(COUNTIF(I62:X63,">0")>=$AJ$1,AN62<60,AA62>$AH$5),$AJ$5,0)),0) -> 0 | AD63: =IF(Z62>=$AJ$1,ROUNDDOWN(AD62*$AH$3%/($AH$2*2%),-1),0) -> 0 | AP63: =IF($H62*I63>150000,ROUNDDOWN(($H62*I63-150000)*6%*45%,0),0) -> 0 | AQ63: =IF($H62*J63>150000,ROUNDDOWN(($H62*J63-150000)*6%*45%,0),0) -> 0 | AR63: =IF($H62*K63>150000,ROUNDDOWN(($H62*K63-150000)*6%*45%,0),0) -> 0 | AS63: =IF($H62*L63>150000,ROUNDDOWN(($H62*L63-150000)*6%*45%,0),0) -> 0 | AT63: =IF($H62*M63>150000,ROUNDDOWN(($H62*M63-150000)*6%*45%,0),0) -> 0 | AU63: =IF($H62*N63>150000,ROUNDDOWN(($H62*N63-150000)*6%*45%,0),0) -> 0 | AV63: =IF($H62*O63>150000,ROUNDDOWN(($H62*O63-150000)*6%*45%,0),0) -> 0 | AW63: =IF($H62*P63>150000,ROUNDDOWN(($H62*P63-150000)*6%*45%,0),0) -> 0 | ... BE63: =IF($H62*X63>150000,ROUNDDOWN(($H62*X63-150000)*6%*45%,0),0) -> 0
A64: 31 | B64: =IF(LEN(D64)>1,IF(VALUE(MID(RIGHT(D64,7),1,1))>4,"외국인",IF(VALUE(RIGHT(11-MOD((MID(D64,1,1)*2+MID(D64,2,1)*3+MID(D64,3,1)*4+MID(D64,4,1)*5+MID(D64,5,1)*6+MID(D64,6,1)*7+MID(RIGHT(D64,7),1,1)*8+MID(RIGHT(D64,7),2,1)*9+MID(RIGHT(D64,7),3,1)*2+MID(RIGHT(D64,7),4,1)*3+MID(RIGHT(D64,7),5,1)*4+MID(RIGHT(D64,7),6,1)*5),11),1))=VALUE(RIGHT(D64,1)),"","오류")),"") | Y64: =SUM(I64:X65) -> 0 | Z64: =COUNTIF(I64:X65,">0") -> 0 | AA64: =H64*Y64 -> 0 | AB64: =IF(AO64<1000, 0, AO64) -> 0 | AC64: =IF(IFERROR($AN64<65,FALSE), IF(B64<>"외국인", ROUNDDOWN(AA64*$AH$1%,-1), IF(AND(AM64<>"", ISNUMBER(SEARCH(LEFT(SUBSTITUTE(AM64, "-",""),2), "F2_F5_F6"))), ROUNDDOWN(AA64*$AH$1%,-1), 0)),0) -> 0 | AD64: =IF(Z64>=$AJ$1,ROUNDDOWN(AA64*$AH$2%,-1),0) -> 0 | AE64: =AB64+AC64+AB65+AC65+AD64+AD65 -> 0 | AF64: =AA64-AE64 -> 0 | AN64: =IFERROR(DATEDIF(DATE(IF(ISNUMBER(FIND(MID( SUBSTITUTE(D64, "-",""), 7, 1), "3478")), 2000, 1900)+MID(D64,1,2), MID(D64,3,2), MID(D64,5,2)), TODAY(), "Y"),"") | AO64: =ROUNDDOWN(SUM(AP64:BE65),-1) -> 0 | AP64: =IF($H64*I64>150000,ROUNDDOWN(($H64*I64-150000)*6%*45%,0),0) -> 0 | AQ64: =IF($H64*J64>150000,ROUNDDOWN(($H64*J64-150000)*6%*45%,0),0) -> 0 | AR64: =IF($H64*K64>150000,ROUNDDOWN(($H64*K64-150000)*6%*45%,0),0) -> 0 | AS64: =IF($H64*L64>150000,ROUNDDOWN(($H64*L64-150000)*6%*45%,0),0) -> 0 | AT64: =IF($H64*M64>150000,ROUNDDOWN(($H64*M64-150000)*6%*45%,0),0) -> 0 | AU64: =IF($H64*N64>150000,ROUNDDOWN(($H64*N64-150000)*6%*45%,0),0) -> 0 | AV64: =IF($H64*O64>150000,ROUNDDOWN(($H64*O64-150000)*6%*45%,0),0) -> 0 | AW64: =IF($H64*P64>150000,ROUNDDOWN(($H64*P64-150000)*6%*45%,0),0) -> 0 | ... BD64: =IF($H64*W64>150000,ROUNDDOWN(($H64*W64-150000)*6%*45%,0),0) -> 0 | BG64: =C64 -> 0 | BM64: =BK64*BL64 -> 0 | BV64: =BM64+BP64-BU64 -> 0
AB65: =ROUNDDOWN(AB64*10%,-1) -> 0 | AC65: =IFERROR(IF(AND( OR(COUNTIF(I64:X65, ">0")>=$AJ$1, AA64>=$AJ$4),AN64<60,AA64<=$AH$5),ROUNDDOWN(ROUNDDOWN(AA64,-3)*$AH$4%,-1),IF(AND(COUNTIF(I64:X65,">0")>=$AJ$1,AN64<60,AA64>$AH$5),$AJ$5,0)),0) -> 0 | AD65: =IF(Z64>=$AJ$1,ROUNDDOWN(AD64*$AH$3%/($AH$2*2%),-1),0) -> 0 | AP65: =IF($H64*I65>150000,ROUNDDOWN(($H64*I65-150000)*6%*45%,0),0) -> 0 | AQ65: =IF($H64*J65>150000,ROUNDDOWN(($H64*J65-150000)*6%*45%,0),0) -> 0 | AR65: =IF($H64*K65>150000,ROUNDDOWN(($H64*K65-150000)*6%*45%,0),0) -> 0 | AS65: =IF($H64*L65>150000,ROUNDDOWN(($H64*L65-150000)*6%*45%,0),0) -> 0 | AT65: =IF($H64*M65>150000,ROUNDDOWN(($H64*M65-150000)*6%*45%,0),0) -> 0 | AU65: =IF($H64*N65>150000,ROUNDDOWN(($H64*N65-150000)*6%*45%,0),0) -> 0 | AV65: =IF($H64*O65>150000,ROUNDDOWN(($H64*O65-150000)*6%*45%,0),0) -> 0 | AW65: =IF($H64*P65>150000,ROUNDDOWN(($H64*P65-150000)*6%*45%,0),0) -> 0 | ... BE65: =IF($H64*X65>150000,ROUNDDOWN(($H64*X65-150000)*6%*45%,0),0) -> 0
A66: 32 | B66: =IF(LEN(D66)>1,IF(VALUE(MID(RIGHT(D66,7),1,1))>4,"외국인",IF(VALUE(RIGHT(11-MOD((MID(D66,1,1)*2+MID(D66,2,1)*3+MID(D66,3,1)*4+MID(D66,4,1)*5+MID(D66,5,1)*6+MID(D66,6,1)*7+MID(RIGHT(D66,7),1,1)*8+MID(RIGHT(D66,7),2,1)*9+MID(RIGHT(D66,7),3,1)*2+MID(RIGHT(D66,7),4,1)*3+MID(RIGHT(D66,7),5,1)*4+MID(RIGHT(D66,7),6,1)*5),11),1))=VALUE(RIGHT(D66,1)),"","오류")),"") | Y66: =SUM(I66:X67) -> 0 | Z66: =COUNTIF(I66:X67,">0") -> 0 | AA66: =H66*Y66 -> 0 | AB66: =IF(AO66<1000, 0, AO66) -> 0 | AC66: =IF(IFERROR($AN66<65,FALSE), IF(B66<>"외국인", ROUNDDOWN(AA66*$AH$1%,-1), IF(AND(AM66<>"", ISNUMBER(SEARCH(LEFT(SUBSTITUTE(AM66, "-",""),2), "F2_F5_F6"))), ROUNDDOWN(AA66*$AH$1%,-1), 0)),0) -> 0 | AD66: =IF(Z66>=$AJ$1,ROUNDDOWN(AA66*$AH$2%,-1),0) -> 0 | AE66: =AB66+AC66+AB67+AC67+AD66+AD67 -> 0 | AF66: =AA66-AE66 -> 0 | AN66: =IFERROR(DATEDIF(DATE(IF(ISNUMBER(FIND(MID( SUBSTITUTE(D66, "-",""), 7, 1), "3478")), 2000, 1900)+MID(D66,1,2), MID(D66,3,2), MID(D66,5,2)), TODAY(), "Y"),"") | AO66: =ROUNDDOWN(SUM(AP66:BE67),-1) -> 0 | AP66: =IF($H66*I66>150000,ROUNDDOWN(($H66*I66-150000)*6%*45%,0),0) -> 0 | AQ66: =IF($H66*J66>150000,ROUNDDOWN(($H66*J66-150000)*6%*45%,0),0) -> 0 | AR66: =IF($H66*K66>150000,ROUNDDOWN(($H66*K66-150000)*6%*45%,0),0) -> 0 | AS66: =IF($H66*L66>150000,ROUNDDOWN(($H66*L66-150000)*6%*45%,0),0) -> 0 | AT66: =IF($H66*M66>150000,ROUNDDOWN(($H66*M66-150000)*6%*45%,0),0) -> 0 | AU66: =IF($H66*N66>150000,ROUNDDOWN(($H66*N66-150000)*6%*45%,0),0) -> 0 | AV66: =IF($H66*O66>150000,ROUNDDOWN(($H66*O66-150000)*6%*45%,0),0) -> 0 | AW66: =IF($H66*P66>150000,ROUNDDOWN(($H66*P66-150000)*6%*45%,0),0) -> 0 | ... BD66: =IF($H66*W66>150000,ROUNDDOWN(($H66*W66-150000)*6%*45%,0),0) -> 0 | BG66: =C66 -> 0 | BM66: =BK66*BL66 -> 0 | BV66: =BM66+BP66-BU66 -> 0
AB67: =ROUNDDOWN(AB66*10%,-1) -> 0 | AC67: =IFERROR(IF(AND( OR(COUNTIF(I66:X67, ">0")>=$AJ$1, AA66>=$AJ$4),AN66<60,AA66<=$AH$5),ROUNDDOWN(ROUNDDOWN(AA66,-3)*$AH$4%,-1),IF(AND(COUNTIF(I66:X67,">0")>=$AJ$1,AN66<60,AA66>$AH$5),$AJ$5,0)),0) -> 0 | AD67: =IF(Z66>=$AJ$1,ROUNDDOWN(AD66*$AH$3%/($AH$2*2%),-1),0) -> 0 | AP67: =IF($H66*I67>150000,ROUNDDOWN(($H66*I67-150000)*6%*45%,0),0) -> 0 | AQ67: =IF($H66*J67>150000,ROUNDDOWN(($H66*J67-150000)*6%*45%,0),0) -> 0 | AR67: =IF($H66*K67>150000,ROUNDDOWN(($H66*K67-150000)*6%*45%,0),0) -> 0 | AS67: =IF($H66*L67>150000,ROUNDDOWN(($H66*L67-150000)*6%*45%,0),0) -> 0 | AT67: =IF($H66*M67>150000,ROUNDDOWN(($H66*M67-150000)*6%*45%,0),0) -> 0 | AU67: =IF($H66*N67>150000,ROUNDDOWN(($H66*N67-150000)*6%*45%,0),0) -> 0 | AV67: =IF($H66*O67>150000,ROUNDDOWN(($H66*O67-150000)*6%*45%,0),0) -> 0 | AW67: =IF($H66*P67>150000,ROUNDDOWN(($H66*P67-150000)*6%*45%,0),0) -> 0 | ... BE67: =IF($H66*X67>150000,ROUNDDOWN(($H66*X67-150000)*6%*45%,0),0) -> 0
A68: 33 | B68: =IF(LEN(D68)>1,IF(VALUE(MID(RIGHT(D68,7),1,1))>4,"외국인",IF(VALUE(RIGHT(11-MOD((MID(D68,1,1)*2+MID(D68,2,1)*3+MID(D68,3,1)*4+MID(D68,4,1)*5+MID(D68,5,1)*6+MID(D68,6,1)*7+MID(RIGHT(D68,7),1,1)*8+MID(RIGHT(D68,7),2,1)*9+MID(RIGHT(D68,7),3,1)*2+MID(RIGHT(D68,7),4,1)*3+MID(RIGHT(D68,7),5,1)*4+MID(RIGHT(D68,7),6,1)*5),11),1))=VALUE(RIGHT(D68,1)),"","오류")),"") | Y68: =SUM(I68:X69) -> 0 | Z68: =COUNTIF(I68:X69,">0") -> 0 | AA68: =H68*Y68 -> 0 | AB68: =IF(AO68<1000, 0, AO68) -> 0 | AC68: =IF(IFERROR($AN68<65,FALSE), IF(B68<>"외국인", ROUNDDOWN(AA68*$AH$1%,-1), IF(AND(AM68<>"", ISNUMBER(SEARCH(LEFT(SUBSTITUTE(AM68, "-",""),2), "F2_F5_F6"))), ROUNDDOWN(AA68*$AH$1%,-1), 0)),0) -> 0 | AD68: =IF(Z68>=$AJ$1,ROUNDDOWN(AA68*$AH$2%,-1),0) -> 0 | AE68: =AB68+AC68+AB69+AC69+AD68+AD69 -> 0 | AF68: =AA68-AE68 -> 0 | AN68: =IFERROR(DATEDIF(DATE(IF(ISNUMBER(FIND(MID( SUBSTITUTE(D68, "-",""), 7, 1), "3478")), 2000, 1900)+MID(D68,1,2), MID(D68,3,2), MID(D68,5,2)), TODAY(), "Y"),"") | AO68: =ROUNDDOWN(SUM(AP68:BE69),-1) -> 0 | AP68: =IF($H68*I68>150000,ROUNDDOWN(($H68*I68-150000)*6%*45%,0),0) -> 0 | AQ68: =IF($H68*J68>150000,ROUNDDOWN(($H68*J68-150000)*6%*45%,0),0) -> 0 | AR68: =IF($H68*K68>150000,ROUNDDOWN(($H68*K68-150000)*6%*45%,0),0) -> 0 | AS68: =IF($H68*L68>150000,ROUNDDOWN(($H68*L68-150000)*6%*45%,0),0) -> 0 | AT68: =IF($H68*M68>150000,ROUNDDOWN(($H68*M68-150000)*6%*45%,0),0) -> 0 | AU68: =IF($H68*N68>150000,ROUNDDOWN(($H68*N68-150000)*6%*45%,0),0) -> 0 | AV68: =IF($H68*O68>150000,ROUNDDOWN(($H68*O68-150000)*6%*45%,0),0) -> 0 | AW68: =IF($H68*P68>150000,ROUNDDOWN(($H68*P68-150000)*6%*45%,0),0) -> 0 | ... BD68: =IF($H68*W68>150000,ROUNDDOWN(($H68*W68-150000)*6%*45%,0),0) -> 0 | BG68: =C68 -> 0 | BM68: =BK68*BL68 -> 0 | BV68: =BM68+BP68-BU68 -> 0
AB69: =ROUNDDOWN(AB68*10%,-1) -> 0 | AC69: =IFERROR(IF(AND( OR(COUNTIF(I68:X69, ">0")>=$AJ$1, AA68>=$AJ$4),AN68<60,AA68<=$AH$5),ROUNDDOWN(ROUNDDOWN(AA68,-3)*$AH$4%,-1),IF(AND(COUNTIF(I68:X69,">0")>=$AJ$1,AN68<60,AA68>$AH$5),$AJ$5,0)),0) -> 0 | AD69: =IF(Z68>=$AJ$1,ROUNDDOWN(AD68*$AH$3%/($AH$2*2%),-1),0) -> 0 | AP69: =IF($H68*I69>150000,ROUNDDOWN(($H68*I69-150000)*6%*45%,0),0) -> 0 | AQ69: =IF($H68*J69>150000,ROUNDDOWN(($H68*J69-150000)*6%*45%,0),0) -> 0 | AR69: =IF($H68*K69>150000,ROUNDDOWN(($H68*K69-150000)*6%*45%,0),0) -> 0 | AS69: =IF($H68*L69>150000,ROUNDDOWN(($H68*L69-150000)*6%*45%,0),0) -> 0 | AT69: =IF($H68*M69>150000,ROUNDDOWN(($H68*M69-150000)*6%*45%,0),0) -> 0 | AU69: =IF($H68*N69>150000,ROUNDDOWN(($H68*N69-150000)*6%*45%,0),0) -> 0 | AV69: =IF($H68*O69>150000,ROUNDDOWN(($H68*O69-150000)*6%*45%,0),0) -> 0 | AW69: =IF($H68*P69>150000,ROUNDDOWN(($H68*P69-150000)*6%*45%,0),0) -> 0 | ... BE69: =IF($H68*X69>150000,ROUNDDOWN(($H68*X69-150000)*6%*45%,0),0) -> 0
A70: 34 | B70: =IF(LEN(D70)>1,IF(VALUE(MID(RIGHT(D70,7),1,1))>4,"외국인",IF(VALUE(RIGHT(11-MOD((MID(D70,1,1)*2+MID(D70,2,1)*3+MID(D70,3,1)*4+MID(D70,4,1)*5+MID(D70,5,1)*6+MID(D70,6,1)*7+MID(RIGHT(D70,7),1,1)*8+MID(RIGHT(D70,7),2,1)*9+MID(RIGHT(D70,7),3,1)*2+MID(RIGHT(D70,7),4,1)*3+MID(RIGHT(D70,7),5,1)*4+MID(RIGHT(D70,7),6,1)*5),11),1))=VALUE(RIGHT(D70,1)),"","오류")),"") | Y70: =SUM(I70:X71) -> 0 | Z70: =COUNTIF(I70:X71,">0") -> 0 | AA70: =H70*Y70 -> 0 | AB70: =IF(AO70<1000, 0, AO70) -> 0 | AC70: =IF(IFERROR($AN70<65,FALSE), IF(B70<>"외국인", ROUNDDOWN(AA70*$AH$1%,-1), IF(AND(AM70<>"", ISNUMBER(SEARCH(LEFT(SUBSTITUTE(AM70, "-",""),2), "F2_F5_F6"))), ROUNDDOWN(AA70*$AH$1%,-1), 0)),0) -> 0 | AD70: =IF(Z70>=$AJ$1,ROUNDDOWN(AA70*$AH$2%,-1),0) -> 0 | AE70: =AB70+AC70+AB71+AC71+AD70+AD71 -> 0 | AF70: =AA70-AE70 -> 0 | AN70: =IFERROR(DATEDIF(DATE(IF(ISNUMBER(FIND(MID( SUBSTITUTE(D70, "-",""), 7, 1), "3478")), 2000, 1900)+MID(D70,1,2), MID(D70,3,2), MID(D70,5,2)), TODAY(), "Y"),"") | AO70: =ROUNDDOWN(SUM(AP70:BE71),-1) -> 0 | AP70: =IF($H70*I70>150000,ROUNDDOWN(($H70*I70-150000)*6%*45%,0),0) -> 0 | AQ70: =IF($H70*J70>150000,ROUNDDOWN(($H70*J70-150000)*6%*45%,0),0) -> 0 | AR70: =IF($H70*K70>150000,ROUNDDOWN(($H70*K70-150000)*6%*45%,0),0) -> 0 | AS70: =IF($H70*L70>150000,ROUNDDOWN(($H70*L70-150000)*6%*45%,0),0) -> 0 | AT70: =IF($H70*M70>150000,ROUNDDOWN(($H70*M70-150000)*6%*45%,0),0) -> 0 | AU70: =IF($H70*N70>150000,ROUNDDOWN(($H70*N70-150000)*6%*45%,0),0) -> 0 | AV70: =IF($H70*O70>150000,ROUNDDOWN(($H70*O70-150000)*6%*45%,0),0) -> 0 | AW70: =IF($H70*P70>150000,ROUNDDOWN(($H70*P70-150000)*6%*45%,0),0) -> 0 | ... BD70: =IF($H70*W70>150000,ROUNDDOWN(($H70*W70-150000)*6%*45%,0),0) -> 0 | BG70: =C70 -> 0 | BM70: =BK70*BL70 -> 0 | BV70: =BM70+BP70-BU70 -> 0
AB71: =ROUNDDOWN(AB70*10%,-1) -> 0 | AC71: =IFERROR(IF(AND( OR(COUNTIF(I70:X71, ">0")>=$AJ$1, AA70>=$AJ$4),AN70<60,AA70<=$AH$5),ROUNDDOWN(ROUNDDOWN(AA70,-3)*$AH$4%,-1),IF(AND(COUNTIF(I70:X71,">0")>=$AJ$1,AN70<60,AA70>$AH$5),$AJ$5,0)),0) -> 0 | AD71: =IF(Z70>=$AJ$1,ROUNDDOWN(AD70*$AH$3%/($AH$2*2%),-1),0) -> 0 | AP71: =IF($H70*I71>150000,ROUNDDOWN(($H70*I71-150000)*6%*45%,0),0) -> 0 | AQ71: =IF($H70*J71>150000,ROUNDDOWN(($H70*J71-150000)*6%*45%,0),0) -> 0 | AR71: =IF($H70*K71>150000,ROUNDDOWN(($H70*K71-150000)*6%*45%,0),0) -> 0 | AS71: =IF($H70*L71>150000,ROUNDDOWN(($H70*L71-150000)*6%*45%,0),0) -> 0 | AT71: =IF($H70*M71>150000,ROUNDDOWN(($H70*M71-150000)*6%*45%,0),0) -> 0 | AU71: =IF($H70*N71>150000,ROUNDDOWN(($H70*N71-150000)*6%*45%,0),0) -> 0 | AV71: =IF($H70*O71>150000,ROUNDDOWN(($H70*O71-150000)*6%*45%,0),0) -> 0 | AW71: =IF($H70*P71>150000,ROUNDDOWN(($H70*P71-150000)*6%*45%,0),0) -> 0 | ... BE71: =IF($H70*X71>150000,ROUNDDOWN(($H70*X71-150000)*6%*45%,0),0) -> 0
A72: 35 | B72: =IF(LEN(D72)>1,IF(VALUE(MID(RIGHT(D72,7),1,1))>4,"외국인",IF(VALUE(RIGHT(11-MOD((MID(D72,1,1)*2+MID(D72,2,1)*3+MID(D72,3,1)*4+MID(D72,4,1)*5+MID(D72,5,1)*6+MID(D72,6,1)*7+MID(RIGHT(D72,7),1,1)*8+MID(RIGHT(D72,7),2,1)*9+MID(RIGHT(D72,7),3,1)*2+MID(RIGHT(D72,7),4,1)*3+MID(RIGHT(D72,7),5,1)*4+MID(RIGHT(D72,7),6,1)*5),11),1))=VALUE(RIGHT(D72,1)),"","오류")),"") | Y72: =SUM(I72:X73) -> 0 | Z72: =COUNTIF(I72:X73,">0") -> 0 | AA72: =H72*Y72 -> 0 | AB72: =IF(AO72<1000, 0, AO72) -> 0 | AC72: =IF(IFERROR($AN72<65,FALSE), IF(B72<>"외국인", ROUNDDOWN(AA72*$AH$1%,-1), IF(AND(AM72<>"", ISNUMBER(SEARCH(LEFT(SUBSTITUTE(AM72, "-",""),2), "F2_F5_F6"))), ROUNDDOWN(AA72*$AH$1%,-1), 0)),0) -> 0 | AD72: =IF(Z72>=$AJ$1,ROUNDDOWN(AA72*$AH$2%,-1),0) -> 0 | AE72: =AB72+AC72+AB73+AC73+AD72+AD73 -> 0 | AF72: =AA72-AE72 -> 0 | AN72: =IFERROR(DATEDIF(DATE(IF(ISNUMBER(FIND(MID( SUBSTITUTE(D72, "-",""), 7, 1), "3478")), 2000, 1900)+MID(D72,1,2), MID(D72,3,2), MID(D72,5,2)), TODAY(), "Y"),"") | AO72: =ROUNDDOWN(SUM(AP72:BE73),-1) -> 0 | AP72: =IF($H72*I72>150000,ROUNDDOWN(($H72*I72-150000)*6%*45%,0),0) -> 0 | AQ72: =IF($H72*J72>150000,ROUNDDOWN(($H72*J72-150000)*6%*45%,0),0) -> 0 | AR72: =IF($H72*K72>150000,ROUNDDOWN(($H72*K72-150000)*6%*45%,0),0) -> 0 | AS72: =IF($H72*L72>150000,ROUNDDOWN(($H72*L72-150000)*6%*45%,0),0) -> 0 | AT72: =IF($H72*M72>150000,ROUNDDOWN(($H72*M72-150000)*6%*45%,0),0) -> 0 | AU72: =IF($H72*N72>150000,ROUNDDOWN(($H72*N72-150000)*6%*45%,0),0) -> 0 | AV72: =IF($H72*O72>150000,ROUNDDOWN(($H72*O72-150000)*6%*45%,0),0) -> 0 | AW72: =IF($H72*P72>150000,ROUNDDOWN(($H72*P72-150000)*6%*45%,0),0) -> 0 | ... BD72: =IF($H72*W72>150000,ROUNDDOWN(($H72*W72-150000)*6%*45%,0),0) -> 0 | BG72: =C72 -> 0 | BM72: =BK72*BL72 -> 0 | BV72: =BM72+BP72-BU72 -> 0
AB73: =ROUNDDOWN(AB72*10%,-1) -> 0 | AC73: =IFERROR(IF(AND( OR(COUNTIF(I72:X73, ">0")>=$AJ$1, AA72>=$AJ$4),AN72<60,AA72<=$AH$5),ROUNDDOWN(ROUNDDOWN(AA72,-3)*$AH$4%,-1),IF(AND(COUNTIF(I72:X73,">0")>=$AJ$1,AN72<60,AA72>$AH$5),$AJ$5,0)),0) -> 0 | AD73: =IF(Z72>=$AJ$1,ROUNDDOWN(AD72*$AH$3%/($AH$2*2%),-1),0) -> 0 | AP73: =IF($H72*I73>150000,ROUNDDOWN(($H72*I73-150000)*6%*45%,0),0) -> 0 | AQ73: =IF($H72*J73>150000,ROUNDDOWN(($H72*J73-150000)*6%*45%,0),0) -> 0 | AR73: =IF($H72*K73>150000,ROUNDDOWN(($H72*K73-150000)*6%*45%,0),0) -> 0 | AS73: =IF($H72*L73>150000,ROUNDDOWN(($H72*L73-150000)*6%*45%,0),0) -> 0 | AT73: =IF($H72*M73>150000,ROUNDDOWN(($H72*M73-150000)*6%*45%,0),0) -> 0 | AU73: =IF($H72*N73>150000,ROUNDDOWN(($H72*N73-150000)*6%*45%,0),0) -> 0 | AV73: =IF($H72*O73>150000,ROUNDDOWN(($H72*O73-150000)*6%*45%,0),0) -> 0 | AW73: =IF($H72*P73>150000,ROUNDDOWN(($H72*P73-150000)*6%*45%,0),0) -> 0 | ... BE73: =IF($H72*X73>150000,ROUNDDOWN(($H72*X73-150000)*6%*45%,0),0) -> 0
A74: 36 | B74: =IF(LEN(D74)>1,IF(VALUE(MID(RIGHT(D74,7),1,1))>4,"외국인",IF(VALUE(RIGHT(11-MOD((MID(D74,1,1)*2+MID(D74,2,1)*3+MID(D74,3,1)*4+MID(D74,4,1)*5+MID(D74,5,1)*6+MID(D74,6,1)*7+MID(RIGHT(D74,7),1,1)*8+MID(RIGHT(D74,7),2,1)*9+MID(RIGHT(D74,7),3,1)*2+MID(RIGHT(D74,7),4,1)*3+MID(RIGHT(D74,7),5,1)*4+MID(RIGHT(D74,7),6,1)*5),11),1))=VALUE(RIGHT(D74,1)),"","오류")),"") | Y74: =SUM(I74:X75) -> 0 | Z74: =COUNTIF(I74:X75,">0") -> 0 | AA74: =H74*Y74 -> 0 | AB74: =IF(AO74<1000, 0, AO74) -> 0 | AC74: =IF(IFERROR($AN74<65,FALSE), IF(B74<>"외국인", ROUNDDOWN(AA74*$AH$1%,-1), IF(AND(AM74<>"", ISNUMBER(SEARCH(LEFT(SUBSTITUTE(AM74, "-",""),2), "F2_F5_F6"))), ROUNDDOWN(AA74*$AH$1%,-1), 0)),0) -> 0 | AD74: =IF(Z74>=$AJ$1,ROUNDDOWN(AA74*$AH$2%,-1),0) -> 0 | AE74: =AB74+AC74+AB75+AC75+AD74+AD75 -> 0 | AF74: =AA74-AE74 -> 0 | AN74: =IFERROR(DATEDIF(DATE(IF(ISNUMBER(FIND(MID( SUBSTITUTE(D74, "-",""), 7, 1), "3478")), 2000, 1900)+MID(D74,1,2), MID(D74,3,2), MID(D74,5,2)), TODAY(), "Y"),"") | AO74: =ROUNDDOWN(SUM(AP74:BE75),-1) -> 0 | AP74: =IF($H74*I74>150000,ROUNDDOWN(($H74*I74-150000)*6%*45%,0),0) -> 0 | AQ74: =IF($H74*J74>150000,ROUNDDOWN(($H74*J74-150000)*6%*45%,0),0) -> 0 | AR74: =IF($H74*K74>150000,ROUNDDOWN(($H74*K74-150000)*6%*45%,0),0) -> 0 | AS74: =IF($H74*L74>150000,ROUNDDOWN(($H74*L74-150000)*6%*45%,0),0) -> 0 | AT74: =IF($H74*M74>150000,ROUNDDOWN(($H74*M74-150000)*6%*45%,0),0) -> 0 | AU74: =IF($H74*N74>150000,ROUNDDOWN(($H74*N74-150000)*6%*45%,0),0) -> 0 | AV74: =IF($H74*O74>150000,ROUNDDOWN(($H74*O74-150000)*6%*45%,0),0) -> 0 | AW74: =IF($H74*P74>150000,ROUNDDOWN(($H74*P74-150000)*6%*45%,0),0) -> 0 | ... BD74: =IF($H74*W74>150000,ROUNDDOWN(($H74*W74-150000)*6%*45%,0),0) -> 0 | BG74: =C74 -> 0 | BM74: =BK74*BL74 -> 0 | BV74: =BM74+BP74-BU74 -> 0
AB75: =ROUNDDOWN(AB74*10%,-1) -> 0 | AC75: =IFERROR(IF(AND( OR(COUNTIF(I74:X75, ">0")>=$AJ$1, AA74>=$AJ$4),AN74<60,AA74<=$AH$5),ROUNDDOWN(ROUNDDOWN(AA74,-3)*$AH$4%,-1),IF(AND(COUNTIF(I74:X75,">0")>=$AJ$1,AN74<60,AA74>$AH$5),$AJ$5,0)),0) -> 0 | AD75: =IF(Z74>=$AJ$1,ROUNDDOWN(AD74*$AH$3%/($AH$2*2%),-1),0) -> 0 | AP75: =IF($H74*I75>150000,ROUNDDOWN(($H74*I75-150000)*6%*45%,0),0) -> 0 | AQ75: =IF($H74*J75>150000,ROUNDDOWN(($H74*J75-150000)*6%*45%,0),0) -> 0 | AR75: =IF($H74*K75>150000,ROUNDDOWN(($H74*K75-150000)*6%*45%,0),0) -> 0 | AS75: =IF($H74*L75>150000,ROUNDDOWN(($H74*L75-150000)*6%*45%,0),0) -> 0 | AT75: =IF($H74*M75>150000,ROUNDDOWN(($H74*M75-150000)*6%*45%,0),0) -> 0 | AU75: =IF($H74*N75>150000,ROUNDDOWN(($H74*N75-150000)*6%*45%,0),0) -> 0 | AV75: =IF($H74*O75>150000,ROUNDDOWN(($H74*O75-150000)*6%*45%,0),0) -> 0 | AW75: =IF($H74*P75>150000,ROUNDDOWN(($H74*P75-150000)*6%*45%,0),0) -> 0 | ... BE75: =IF($H74*X75>150000,ROUNDDOWN(($H74*X75-150000)*6%*45%,0),0) -> 0
A76: 37 | B76: =IF(LEN(D76)>1,IF(VALUE(MID(RIGHT(D76,7),1,1))>4,"외국인",IF(VALUE(RIGHT(11-MOD((MID(D76,1,1)*2+MID(D76,2,1)*3+MID(D76,3,1)*4+MID(D76,4,1)*5+MID(D76,5,1)*6+MID(D76,6,1)*7+MID(RIGHT(D76,7),1,1)*8+MID(RIGHT(D76,7),2,1)*9+MID(RIGHT(D76,7),3,1)*2+MID(RIGHT(D76,7),4,1)*3+MID(RIGHT(D76,7),5,1)*4+MID(RIGHT(D76,7),6,1)*5),11),1))=VALUE(RIGHT(D76,1)),"","오류")),"") | Y76: =SUM(I76:X77) -> 0 | Z76: =COUNTIF(I76:X77,">0") -> 0 | AA76: =H76*Y76 -> 0 | AB76: =IF(AO76<1000, 0, AO76) -> 0 | AC76: =IF(IFERROR($AN76<65,FALSE), IF(B76<>"외국인", ROUNDDOWN(AA76*$AH$1%,-1), IF(AND(AM76<>"", ISNUMBER(SEARCH(LEFT(SUBSTITUTE(AM76, "-",""),2), "F2_F5_F6"))), ROUNDDOWN(AA76*$AH$1%,-1), 0)),0) -> 0 | AD76: =IF(Z76>=$AJ$1,ROUNDDOWN(AA76*$AH$2%,-1),0) -> 0 | AE76: =AB76+AC76+AB77+AC77+AD76+AD77 -> 0 | AF76: =AA76-AE76 -> 0 | AN76: =IFERROR(DATEDIF(DATE(IF(ISNUMBER(FIND(MID( SUBSTITUTE(D76, "-",""), 7, 1), "3478")), 2000, 1900)+MID(D76,1,2), MID(D76,3,2), MID(D76,5,2)), TODAY(), "Y"),"") | AO76: =ROUNDDOWN(SUM(AP76:BE77),-1) -> 0 | AP76: =IF($H76*I76>150000,ROUNDDOWN(($H76*I76-150000)*6%*45%,0),0) -> 0 | AQ76: =IF($H76*J76>150000,ROUNDDOWN(($H76*J76-150000)*6%*45%,0),0) -> 0 | AR76: =IF($H76*K76>150000,ROUNDDOWN(($H76*K76-150000)*6%*45%,0),0) -> 0 | AS76: =IF($H76*L76>150000,ROUNDDOWN(($H76*L76-150000)*6%*45%,0),0) -> 0 | AT76: =IF($H76*M76>150000,ROUNDDOWN(($H76*M76-150000)*6%*45%,0),0) -> 0 | AU76: =IF($H76*N76>150000,ROUNDDOWN(($H76*N76-150000)*6%*45%,0),0) -> 0 | AV76: =IF($H76*O76>150000,ROUNDDOWN(($H76*O76-150000)*6%*45%,0),0) -> 0 | AW76: =IF($H76*P76>150000,ROUNDDOWN(($H76*P76-150000)*6%*45%,0),0) -> 0 | ... BD76: =IF($H76*W76>150000,ROUNDDOWN(($H76*W76-150000)*6%*45%,0),0) -> 0 | BG76: =C76 -> 0 | BM76: =BK76*BL76 -> 0 | BV76: =BM76+BP76-BU76 -> 0
AB77: =ROUNDDOWN(AB76*10%,-1) -> 0 | AC77: =IFERROR(IF(AND( OR(COUNTIF(I76:X77, ">0")>=$AJ$1, AA76>=$AJ$4),AN76<60,AA76<=$AH$5),ROUNDDOWN(ROUNDDOWN(AA76,-3)*$AH$4%,-1),IF(AND(COUNTIF(I76:X77,">0")>=$AJ$1,AN76<60,AA76>$AH$5),$AJ$5,0)),0) -> 0 | AD77: =IF(Z76>=$AJ$1,ROUNDDOWN(AD76*$AH$3%/($AH$2*2%),-1),0) -> 0 | AP77: =IF($H76*I77>150000,ROUNDDOWN(($H76*I77-150000)*6%*45%,0),0) -> 0 | AQ77: =IF($H76*J77>150000,ROUNDDOWN(($H76*J77-150000)*6%*45%,0),0) -> 0 | AR77: =IF($H76*K77>150000,ROUNDDOWN(($H76*K77-150000)*6%*45%,0),0) -> 0 | AS77: =IF($H76*L77>150000,ROUNDDOWN(($H76*L77-150000)*6%*45%,0),0) -> 0 | AT77: =IF($H76*M77>150000,ROUNDDOWN(($H76*M77-150000)*6%*45%,0),0) -> 0 | AU77: =IF($H76*N77>150000,ROUNDDOWN(($H76*N77-150000)*6%*45%,0),0) -> 0 | AV77: =IF($H76*O77>150000,ROUNDDOWN(($H76*O77-150000)*6%*45%,0),0) -> 0 | AW77: =IF($H76*P77>150000,ROUNDDOWN(($H76*P77-150000)*6%*45%,0),0) -> 0 | ... BE77: =IF($H76*X77>150000,ROUNDDOWN(($H76*X77-150000)*6%*45%,0),0) -> 0
A78: 38 | B78: =IF(LEN(D78)>1,IF(VALUE(MID(RIGHT(D78,7),1,1))>4,"외국인",IF(VALUE(RIGHT(11-MOD((MID(D78,1,1)*2+MID(D78,2,1)*3+MID(D78,3,1)*4+MID(D78,4,1)*5+MID(D78,5,1)*6+MID(D78,6,1)*7+MID(RIGHT(D78,7),1,1)*8+MID(RIGHT(D78,7),2,1)*9+MID(RIGHT(D78,7),3,1)*2+MID(RIGHT(D78,7),4,1)*3+MID(RIGHT(D78,7),5,1)*4+MID(RIGHT(D78,7),6,1)*5),11),1))=VALUE(RIGHT(D78,1)),"","오류")),"") | Y78: =SUM(I78:X79) -> 0 | Z78: =COUNTIF(I78:X79,">0") -> 0 | AA78: =H78*Y78 -> 0 | AB78: =IF(AO78<1000, 0, AO78) -> 0 | AC78: =IF(IFERROR($AN78<65,FALSE), IF(B78<>"외국인", ROUNDDOWN(AA78*$AH$1%,-1), IF(AND(AM78<>"", ISNUMBER(SEARCH(LEFT(SUBSTITUTE(AM78, "-",""),2), "F2_F5_F6"))), ROUNDDOWN(AA78*$AH$1%,-1), 0)),0) -> 0 | AD78: =IF(Z78>=$AJ$1,ROUNDDOWN(AA78*$AH$2%,-1),0) -> 0 | AE78: =AB78+AC78+AB79+AC79+AD78+AD79 -> 0 | AF78: =AA78-AE78 -> 0 | AN78: =IFERROR(DATEDIF(DATE(IF(ISNUMBER(FIND(MID( SUBSTITUTE(D78, "-",""), 7, 1), "3478")), 2000, 1900)+MID(D78,1,2), MID(D78,3,2), MID(D78,5,2)), TODAY(), "Y"),"") | AO78: =ROUNDDOWN(SUM(AP78:BE79),-1) -> 0 | AP78: =IF($H78*I78>150000,ROUNDDOWN(($H78*I78-150000)*6%*45%,0),0) -> 0 | AQ78: =IF($H78*J78>150000,ROUNDDOWN(($H78*J78-150000)*6%*45%,0),0) -> 0 | AR78: =IF($H78*K78>150000,ROUNDDOWN(($H78*K78-150000)*6%*45%,0),0) -> 0 | AS78: =IF($H78*L78>150000,ROUNDDOWN(($H78*L78-150000)*6%*45%,0),0) -> 0 | AT78: =IF($H78*M78>150000,ROUNDDOWN(($H78*M78-150000)*6%*45%,0),0) -> 0 | AU78: =IF($H78*N78>150000,ROUNDDOWN(($H78*N78-150000)*6%*45%,0),0) -> 0 | AV78: =IF($H78*O78>150000,ROUNDDOWN(($H78*O78-150000)*6%*45%,0),0) -> 0 | AW78: =IF($H78*P78>150000,ROUNDDOWN(($H78*P78-150000)*6%*45%,0),0) -> 0 | ... BD78: =IF($H78*W78>150000,ROUNDDOWN(($H78*W78-150000)*6%*45%,0),0) -> 0 | BG78: =C78 -> 0 | BM78: =BK78*BL78 -> 0 | BV78: =BM78+BP78-BU78 -> 0
AB79: =ROUNDDOWN(AB78*10%,-1) -> 0 | AC79: =IFERROR(IF(AND( OR(COUNTIF(I78:X79, ">0")>=$AJ$1, AA78>=$AJ$4),AN78<60,AA78<=$AH$5),ROUNDDOWN(ROUNDDOWN(AA78,-3)*$AH$4%,-1),IF(AND(COUNTIF(I78:X79,">0")>=$AJ$1,AN78<60,AA78>$AH$5),$AJ$5,0)),0) -> 0 | AD79: =IF(Z78>=$AJ$1,ROUNDDOWN(AD78*$AH$3%/($AH$2*2%),-1),0) -> 0 | AP79: =IF($H78*I79>150000,ROUNDDOWN(($H78*I79-150000)*6%*45%,0),0) -> 0 | AQ79: =IF($H78*J79>150000,ROUNDDOWN(($H78*J79-150000)*6%*45%,0),0) -> 0 | AR79: =IF($H78*K79>150000,ROUNDDOWN(($H78*K79-150000)*6%*45%,0),0) -> 0 | AS79: =IF($H78*L79>150000,ROUNDDOWN(($H78*L79-150000)*6%*45%,0),0) -> 0 | AT79: =IF($H78*M79>150000,ROUNDDOWN(($H78*M79-150000)*6%*45%,0),0) -> 0 | AU79: =IF($H78*N79>150000,ROUNDDOWN(($H78*N79-150000)*6%*45%,0),0) -> 0 | AV79: =IF($H78*O79>150000,ROUNDDOWN(($H78*O79-150000)*6%*45%,0),0) -> 0 | AW79: =IF($H78*P79>150000,ROUNDDOWN(($H78*P79-150000)*6%*45%,0),0) -> 0 | ... BE79: =IF($H78*X79>150000,ROUNDDOWN(($H78*X79-150000)*6%*45%,0),0) -> 0
A80: 39 | B80: =IF(LEN(D80)>1,IF(VALUE(MID(RIGHT(D80,7),1,1))>4,"외국인",IF(VALUE(RIGHT(11-MOD((MID(D80,1,1)*2+MID(D80,2,1)*3+MID(D80,3,1)*4+MID(D80,4,1)*5+MID(D80,5,1)*6+MID(D80,6,1)*7+MID(RIGHT(D80,7),1,1)*8+MID(RIGHT(D80,7),2,1)*9+MID(RIGHT(D80,7),3,1)*2+MID(RIGHT(D80,7),4,1)*3+MID(RIGHT(D80,7),5,1)*4+MID(RIGHT(D80,7),6,1)*5),11),1))=VALUE(RIGHT(D80,1)),"","오류")),"") | Y80: =SUM(I80:X81) -> 0 | Z80: =COUNTIF(I80:X81,">0") -> 0 | AA80: =H80*Y80 -> 0 | AB80: =IF(AO80<1000, 0, AO80) -> 0 | AC80: =IF(IFERROR($AN80<65,FALSE), IF(B80<>"외국인", ROUNDDOWN(AA80*$AH$1%,-1), IF(AND(AM80<>"", ISNUMBER(SEARCH(LEFT(SUBSTITUTE(AM80, "-",""),2), "F2_F5_F6"))), ROUNDDOWN(AA80*$AH$1%,-1), 0)),0) -> 0 | AD80: =IF(Z80>=$AJ$1,ROUNDDOWN(AA80*$AH$2%,-1),0) -> 0 | AE80: =AB80+AC80+AB81+AC81+AD80+AD81 -> 0 | AF80: =AA80-AE80 -> 0 | AN80: =IFERROR(DATEDIF(DATE(IF(ISNUMBER(FIND(MID( SUBSTITUTE(D80, "-",""), 7, 1), "3478")), 2000, 1900)+MID(D80,1,2), MID(D80,3,2), MID(D80,5,2)), TODAY(), "Y"),"") | AO80: =ROUNDDOWN(SUM(AP80:BE81),-1) -> 0 | AP80: =IF($H80*I80>150000,ROUNDDOWN(($H80*I80-150000)*6%*45%,0),0) -> 0 | AQ80: =IF($H80*J80>150000,ROUNDDOWN(($H80*J80-150000)*6%*45%,0),0) -> 0 | AR80: =IF($H80*K80>150000,ROUNDDOWN(($H80*K80-150000)*6%*45%,0),0) -> 0 | AS80: =IF($H80*L80>150000,ROUNDDOWN(($H80*L80-150000)*6%*45%,0),0) -> 0 | AT80: =IF($H80*M80>150000,ROUNDDOWN(($H80*M80-150000)*6%*45%,0),0) -> 0 | AU80: =IF($H80*N80>150000,ROUNDDOWN(($H80*N80-150000)*6%*45%,0),0) -> 0 | AV80: =IF($H80*O80>150000,ROUNDDOWN(($H80*O80-150000)*6%*45%,0),0) -> 0 | AW80: =IF($H80*P80>150000,ROUNDDOWN(($H80*P80-150000)*6%*45%,0),0) -> 0 | ... BD80: =IF($H80*W80>150000,ROUNDDOWN(($H80*W80-150000)*6%*45%,0),0) -> 0 | BG80: =C80 -> 0 | BM80: =BK80*BL80 -> 0 | BV80: =BM80+BP80-BU80 -> 0
AB81: =ROUNDDOWN(AB80*10%,-1) -> 0 | AC81: =IFERROR(IF(AND( OR(COUNTIF(I80:X81, ">0")>=$AJ$1, AA80>=$AJ$4),AN80<60,AA80<=$AH$5),ROUNDDOWN(ROUNDDOWN(AA80,-3)*$AH$4%,-1),IF(AND(COUNTIF(I80:X81,">0")>=$AJ$1,AN80<60,AA80>$AH$5),$AJ$5,0)),0) -> 0 | AD81: =IF(Z80>=$AJ$1,ROUNDDOWN(AD80*$AH$3%/($AH$2*2%),-1),0) -> 0 | AP81: =IF($H80*I81>150000,ROUNDDOWN(($H80*I81-150000)*6%*45%,0),0) -> 0 | AQ81: =IF($H80*J81>150000,ROUNDDOWN(($H80*J81-150000)*6%*45%,0),0) -> 0 | AR81: =IF($H80*K81>150000,ROUNDDOWN(($H80*K81-150000)*6%*45%,0),0) -> 0 | AS81: =IF($H80*L81>150000,ROUNDDOWN(($H80*L81-150000)*6%*45%,0),0) -> 0 | AT81: =IF($H80*M81>150000,ROUNDDOWN(($H80*M81-150000)*6%*45%,0),0) -> 0 | AU81: =IF($H80*N81>150000,ROUNDDOWN(($H80*N81-150000)*6%*45%,0),0) -> 0 | AV81: =IF($H80*O81>150000,ROUNDDOWN(($H80*O81-150000)*6%*45%,0),0) -> 0 | AW81: =IF($H80*P81>150000,ROUNDDOWN(($H80*P81-150000)*6%*45%,0),0) -> 0 | ... BE81: =IF($H80*X81>150000,ROUNDDOWN(($H80*X81-150000)*6%*45%,0),0) -> 0
A82: 40 | B82: =IF(LEN(D82)>1,IF(VALUE(MID(RIGHT(D82,7),1,1))>4,"외국인",IF(VALUE(RIGHT(11-MOD((MID(D82,1,1)*2+MID(D82,2,1)*3+MID(D82,3,1)*4+MID(D82,4,1)*5+MID(D82,5,1)*6+MID(D82,6,1)*7+MID(RIGHT(D82,7),1,1)*8+MID(RIGHT(D82,7),2,1)*9+MID(RIGHT(D82,7),3,1)*2+MID(RIGHT(D82,7),4,1)*3+MID(RIGHT(D82,7),5,1)*4+MID(RIGHT(D82,7),6,1)*5),11),1))=VALUE(RIGHT(D82,1)),"","오류")),"") | Y82: =SUM(I82:X83) -> 0 | Z82: =COUNTIF(I82:X83,">0") -> 0 | AA82: =H82*Y82 -> 0 | AB82: =IF(AO82<1000, 0, AO82) -> 0 | AC82: =IF(IFERROR($AN82<65,FALSE), IF(B82<>"외국인", ROUNDDOWN(AA82*$AH$1%,-1), IF(AND(AM82<>"", ISNUMBER(SEARCH(LEFT(SUBSTITUTE(AM82, "-",""),2), "F2_F5_F6"))), ROUNDDOWN(AA82*$AH$1%,-1), 0)),0) -> 0 | AD82: =IF(Z82>=$AJ$1,ROUNDDOWN(AA82*$AH$2%,-1),0) -> 0 | AE82: =AB82+AC82+AB83+AC83+AD82+AD83 -> 0 | AF82: =AA82-AE82 -> 0 | AN82: =IFERROR(DATEDIF(DATE(IF(ISNUMBER(FIND(MID( SUBSTITUTE(D82, "-",""), 7, 1), "3478")), 2000, 1900)+MID(D82,1,2), MID(D82,3,2), MID(D82,5,2)), TODAY(), "Y"),"") | AO82: =ROUNDDOWN(SUM(AP82:BE83),-1) -> 0 | AP82: =IF($H82*I82>150000,ROUNDDOWN(($H82*I82-150000)*6%*45%,0),0) -> 0 | AQ82: =IF($H82*J82>150000,ROUNDDOWN(($H82*J82-150000)*6%*45%,0),0) -> 0 | AR82: =IF($H82*K82>150000,ROUNDDOWN(($H82*K82-150000)*6%*45%,0),0) -> 0 | AS82: =IF($H82*L82>150000,ROUNDDOWN(($H82*L82-150000)*6%*45%,0),0) -> 0 | AT82: =IF($H82*M82>150000,ROUNDDOWN(($H82*M82-150000)*6%*45%,0),0) -> 0 | AU82: =IF($H82*N82>150000,ROUNDDOWN(($H82*N82-150000)*6%*45%,0),0) -> 0 | AV82: =IF($H82*O82>150000,ROUNDDOWN(($H82*O82-150000)*6%*45%,0),0) -> 0 | AW82: =IF($H82*P82>150000,ROUNDDOWN(($H82*P82-150000)*6%*45%,0),0) -> 0 | ... BD82: =IF($H82*W82>150000,ROUNDDOWN(($H82*W82-150000)*6%*45%,0),0) -> 0 | BG82: =C82 -> 0 | BM82: =BK82*BL82 -> 0 | BV82: =BM82+BP82-BU82 -> 0
AB83: =ROUNDDOWN(AB82*10%,-1) -> 0 | AC83: =IFERROR(IF(AND( OR(COUNTIF(I82:X83, ">0")>=$AJ$1, AA82>=$AJ$4),AN82<60,AA82<=$AH$5),ROUNDDOWN(ROUNDDOWN(AA82,-3)*$AH$4%,-1),IF(AND(COUNTIF(I82:X83,">0")>=$AJ$1,AN82<60,AA82>$AH$5),$AJ$5,0)),0) -> 0 | AD83: =IF(Z82>=$AJ$1,ROUNDDOWN(AD82*$AH$3%/($AH$2*2%),-1),0) -> 0 | AP83: =IF($H82*I83>150000,ROUNDDOWN(($H82*I83-150000)*6%*45%,0),0) -> 0 | AQ83: =IF($H82*J83>150000,ROUNDDOWN(($H82*J83-150000)*6%*45%,0),0) -> 0 | AR83: =IF($H82*K83>150000,ROUNDDOWN(($H82*K83-150000)*6%*45%,0),0) -> 0 | AS83: =IF($H82*L83>150000,ROUNDDOWN(($H82*L83-150000)*6%*45%,0),0) -> 0 | AT83: =IF($H82*M83>150000,ROUNDDOWN(($H82*M83-150000)*6%*45%,0),0) -> 0 | AU83: =IF($H82*N83>150000,ROUNDDOWN(($H82*N83-150000)*6%*45%,0),0) -> 0 | AV83: =IF($H82*O83>150000,ROUNDDOWN(($H82*O83-150000)*6%*45%,0),0) -> 0 | AW83: =IF($H82*P83>150000,ROUNDDOWN(($H82*P83-150000)*6%*45%,0),0) -> 0 | ... BE83: =IF($H82*X83>150000,ROUNDDOWN(($H82*X83-150000)*6%*45%,0),0) -> 0
A84: 41 | B84: =IF(LEN(D84)>1,IF(VALUE(MID(RIGHT(D84,7),1,1))>4,"외국인",IF(VALUE(RIGHT(11-MOD((MID(D84,1,1)*2+MID(D84,2,1)*3+MID(D84,3,1)*4+MID(D84,4,1)*5+MID(D84,5,1)*6+MID(D84,6,1)*7+MID(RIGHT(D84,7),1,1)*8+MID(RIGHT(D84,7),2,1)*9+MID(RIGHT(D84,7),3,1)*2+MID(RIGHT(D84,7),4,1)*3+MID(RIGHT(D84,7),5,1)*4+MID(RIGHT(D84,7),6,1)*5),11),1))=VALUE(RIGHT(D84,1)),"","오류")),"") | Y84: =SUM(I84:X85) -> 0 | Z84: =COUNTIF(I84:X85,">0") -> 0 | AA84: =H84*Y84 -> 0 | AB84: =IF(AO84<1000, 0, AO84) -> 0 | AC84: =IF(IFERROR($AN84<65,FALSE), IF(B84<>"외국인", ROUNDDOWN(AA84*$AH$1%,-1), IF(AND(AM84<>"", ISNUMBER(SEARCH(LEFT(SUBSTITUTE(AM84, "-",""),2), "F2_F5_F6"))), ROUNDDOWN(AA84*$AH$1%,-1), 0)),0) -> 0 | AD84: =IF(Z84>=$AJ$1,ROUNDDOWN(AA84*$AH$2%,-1),0) -> 0 | AE84: =AB84+AC84+AB85+AC85+AD84+AD85 -> 0 | AF84: =AA84-AE84 -> 0 | AN84: =IFERROR(DATEDIF(DATE(IF(ISNUMBER(FIND(MID( SUBSTITUTE(D84, "-",""), 7, 1), "3478")), 2000, 1900)+MID(D84,1,2), MID(D84,3,2), MID(D84,5,2)), TODAY(), "Y"),"") | AO84: =ROUNDDOWN(SUM(AP84:BE85),-1) -> 0 | AP84: =IF($H84*I84>150000,ROUNDDOWN(($H84*I84-150000)*6%*45%,0),0) -> 0 | AQ84: =IF($H84*J84>150000,ROUNDDOWN(($H84*J84-150000)*6%*45%,0),0) -> 0 | AR84: =IF($H84*K84>150000,ROUNDDOWN(($H84*K84-150000)*6%*45%,0),0) -> 0 | AS84: =IF($H84*L84>150000,ROUNDDOWN(($H84*L84-150000)*6%*45%,0),0) -> 0 | AT84: =IF($H84*M84>150000,ROUNDDOWN(($H84*M84-150000)*6%*45%,0),0) -> 0 | AU84: =IF($H84*N84>150000,ROUNDDOWN(($H84*N84-150000)*6%*45%,0),0) -> 0 | AV84: =IF($H84*O84>150000,ROUNDDOWN(($H84*O84-150000)*6%*45%,0),0) -> 0 | AW84: =IF($H84*P84>150000,ROUNDDOWN(($H84*P84-150000)*6%*45%,0),0) -> 0 | ... BD84: =IF($H84*W84>150000,ROUNDDOWN(($H84*W84-150000)*6%*45%,0),0) -> 0 | BG84: =C84 -> 0 | BM84: =BK84*BL84 -> 0 | BV84: =BM84+BP84-BU84 -> 0
AB85: =ROUNDDOWN(AB84*10%,-1) -> 0 | AC85: =IFERROR(IF(AND( OR(COUNTIF(I84:X85, ">0")>=$AJ$1, AA84>=$AJ$4),AN84<60,AA84<=$AH$5),ROUNDDOWN(ROUNDDOWN(AA84,-3)*$AH$4%,-1),IF(AND(COUNTIF(I84:X85,">0")>=$AJ$1,AN84<60,AA84>$AH$5),$AJ$5,0)),0) -> 0 | AD85: =IF(Z84>=$AJ$1,ROUNDDOWN(AD84*$AH$3%/($AH$2*2%),-1),0) -> 0 | AP85: =IF($H84*I85>150000,ROUNDDOWN(($H84*I85-150000)*6%*45%,0),0) -> 0 | AQ85: =IF($H84*J85>150000,ROUNDDOWN(($H84*J85-150000)*6%*45%,0),0) -> 0 | AR85: =IF($H84*K85>150000,ROUNDDOWN(($H84*K85-150000)*6%*45%,0),0) -> 0 | AS85: =IF($H84*L85>150000,ROUNDDOWN(($H84*L85-150000)*6%*45%,0),0) -> 0 | AT85: =IF($H84*M85>150000,ROUNDDOWN(($H84*M85-150000)*6%*45%,0),0) -> 0 | AU85: =IF($H84*N85>150000,ROUNDDOWN(($H84*N85-150000)*6%*45%,0),0) -> 0 | AV85: =IF($H84*O85>150000,ROUNDDOWN(($H84*O85-150000)*6%*45%,0),0) -> 0 | AW85: =IF($H84*P85>150000,ROUNDDOWN(($H84*P85-150000)*6%*45%,0),0) -> 0 | ... BE85: =IF($H84*X85>150000,ROUNDDOWN(($H84*X85-150000)*6%*45%,0),0) -> 0
A86: 42 | B86: =IF(LEN(D86)>1,IF(VALUE(MID(RIGHT(D86,7),1,1))>4,"외국인",IF(VALUE(RIGHT(11-MOD((MID(D86,1,1)*2+MID(D86,2,1)*3+MID(D86,3,1)*4+MID(D86,4,1)*5+MID(D86,5,1)*6+MID(D86,6,1)*7+MID(RIGHT(D86,7),1,1)*8+MID(RIGHT(D86,7),2,1)*9+MID(RIGHT(D86,7),3,1)*2+MID(RIGHT(D86,7),4,1)*3+MID(RIGHT(D86,7),5,1)*4+MID(RIGHT(D86,7),6,1)*5),11),1))=VALUE(RIGHT(D86,1)),"","오류")),"") | Y86: =SUM(I86:X87) -> 0 | Z86: =COUNTIF(I86:X87,">0") -> 0 | AA86: =H86*Y86 -> 0 | AB86: =IF(AO86<1000, 0, AO86) -> 0 | AC86: =IF(IFERROR($AN86<65,FALSE), IF(B86<>"외국인", ROUNDDOWN(AA86*$AH$1%,-1), IF(AND(AM86<>"", ISNUMBER(SEARCH(LEFT(SUBSTITUTE(AM86, "-",""),2), "F2_F5_F6"))), ROUNDDOWN(AA86*$AH$1%,-1), 0)),0) -> 0 | AD86: =IF(Z86>=$AJ$1,ROUNDDOWN(AA86*$AH$2%,-1),0) -> 0 | AE86: =AB86+AC86+AB87+AC87+AD86+AD87 -> 0 | AF86: =AA86-AE86 -> 0 | AN86: =IFERROR(DATEDIF(DATE(IF(ISNUMBER(FIND(MID( SUBSTITUTE(D86, "-",""), 7, 1), "3478")), 2000, 1900)+MID(D86,1,2), MID(D86,3,2), MID(D86,5,2)), TODAY(), "Y"),"") | AO86: =ROUNDDOWN(SUM(AP86:BE87),-1) -> 0 | AP86: =IF($H86*I86>150000,ROUNDDOWN(($H86*I86-150000)*6%*45%,0),0) -> 0 | AQ86: =IF($H86*J86>150000,ROUNDDOWN(($H86*J86-150000)*6%*45%,0),0) -> 0 | AR86: =IF($H86*K86>150000,ROUNDDOWN(($H86*K86-150000)*6%*45%,0),0) -> 0 | AS86: =IF($H86*L86>150000,ROUNDDOWN(($H86*L86-150000)*6%*45%,0),0) -> 0 | AT86: =IF($H86*M86>150000,ROUNDDOWN(($H86*M86-150000)*6%*45%,0),0) -> 0 | AU86: =IF($H86*N86>150000,ROUNDDOWN(($H86*N86-150000)*6%*45%,0),0) -> 0 | AV86: =IF($H86*O86>150000,ROUNDDOWN(($H86*O86-150000)*6%*45%,0),0) -> 0 | AW86: =IF($H86*P86>150000,ROUNDDOWN(($H86*P86-150000)*6%*45%,0),0) -> 0 | ... BD86: =IF($H86*W86>150000,ROUNDDOWN(($H86*W86-150000)*6%*45%,0),0) -> 0 | BG86: =C86 -> 0 | BM86: =BK86*BL86 -> 0 | BV86: =BM86+BP86-BU86 -> 0
AB87: =ROUNDDOWN(AB86*10%,-1) -> 0 | AC87: =IFERROR(IF(AND( OR(COUNTIF(I86:X87, ">0")>=$AJ$1, AA86>=$AJ$4),AN86<60,AA86<=$AH$5),ROUNDDOWN(ROUNDDOWN(AA86,-3)*$AH$4%,-1),IF(AND(COUNTIF(I86:X87,">0")>=$AJ$1,AN86<60,AA86>$AH$5),$AJ$5,0)),0) -> 0 | AD87: =IF(Z86>=$AJ$1,ROUNDDOWN(AD86*$AH$3%/($AH$2*2%),-1),0) -> 0 | AP87: =IF($H86*I87>150000,ROUNDDOWN(($H86*I87-150000)*6%*45%,0),0) -> 0 | AQ87: =IF($H86*J87>150000,ROUNDDOWN(($H86*J87-150000)*6%*45%,0),0) -> 0 | AR87: =IF($H86*K87>150000,ROUNDDOWN(($H86*K87-150000)*6%*45%,0),0) -> 0 | AS87: =IF($H86*L87>150000,ROUNDDOWN(($H86*L87-150000)*6%*45%,0),0) -> 0 | AT87: =IF($H86*M87>150000,ROUNDDOWN(($H86*M87-150000)*6%*45%,0),0) -> 0 | AU87: =IF($H86*N87>150000,ROUNDDOWN(($H86*N87-150000)*6%*45%,0),0) -> 0 | AV87: =IF($H86*O87>150000,ROUNDDOWN(($H86*O87-150000)*6%*45%,0),0) -> 0 | AW87: =IF($H86*P87>150000,ROUNDDOWN(($H86*P87-150000)*6%*45%,0),0) -> 0 | ... BE87: =IF($H86*X87>150000,ROUNDDOWN(($H86*X87-150000)*6%*45%,0),0) -> 0
A88: 43 | B88: =IF(LEN(D88)>1,IF(VALUE(MID(RIGHT(D88,7),1,1))>4,"외국인",IF(VALUE(RIGHT(11-MOD((MID(D88,1,1)*2+MID(D88,2,1)*3+MID(D88,3,1)*4+MID(D88,4,1)*5+MID(D88,5,1)*6+MID(D88,6,1)*7+MID(RIGHT(D88,7),1,1)*8+MID(RIGHT(D88,7),2,1)*9+MID(RIGHT(D88,7),3,1)*2+MID(RIGHT(D88,7),4,1)*3+MID(RIGHT(D88,7),5,1)*4+MID(RIGHT(D88,7),6,1)*5),11),1))=VALUE(RIGHT(D88,1)),"","오류")),"") | Y88: =SUM(I88:X89) -> 0 | Z88: =COUNTIF(I88:X89,">0") -> 0 | AA88: =H88*Y88 -> 0 | AB88: =IF(AO88<1000, 0, AO88) -> 0 | AC88: =IF(IFERROR($AN88<65,FALSE), IF(B88<>"외국인", ROUNDDOWN(AA88*$AH$1%,-1), IF(AND(AM88<>"", ISNUMBER(SEARCH(LEFT(SUBSTITUTE(AM88, "-",""),2), "F2_F5_F6"))), ROUNDDOWN(AA88*$AH$1%,-1), 0)),0) -> 0 | AD88: =IF(Z88>=$AJ$1,ROUNDDOWN(AA88*$AH$2%,-1),0) -> 0 | AE88: =AB88+AC88+AB89+AC89+AD88+AD89 -> 0 | AF88: =AA88-AE88 -> 0 | AN88: =IFERROR(DATEDIF(DATE(IF(ISNUMBER(FIND(MID( SUBSTITUTE(D88, "-",""), 7, 1), "3478")), 2000, 1900)+MID(D88,1,2), MID(D88,3,2), MID(D88,5,2)), TODAY(), "Y"),"") | AO88: =ROUNDDOWN(SUM(AP88:BE89),-1) -> 0 | AP88: =IF($H88*I88>150000,ROUNDDOWN(($H88*I88-150000)*6%*45%,0),0) -> 0 | AQ88: =IF($H88*J88>150000,ROUNDDOWN(($H88*J88-150000)*6%*45%,0),0) -> 0 | AR88: =IF($H88*K88>150000,ROUNDDOWN(($H88*K88-150000)*6%*45%,0),0) -> 0 | AS88: =IF($H88*L88>150000,ROUNDDOWN(($H88*L88-150000)*6%*45%,0),0) -> 0 | AT88: =IF($H88*M88>150000,ROUNDDOWN(($H88*M88-150000)*6%*45%,0),0) -> 0 | AU88: =IF($H88*N88>150000,ROUNDDOWN(($H88*N88-150000)*6%*45%,0),0) -> 0 | AV88: =IF($H88*O88>150000,ROUNDDOWN(($H88*O88-150000)*6%*45%,0),0) -> 0 | AW88: =IF($H88*P88>150000,ROUNDDOWN(($H88*P88-150000)*6%*45%,0),0) -> 0 | ... BD88: =IF($H88*W88>150000,ROUNDDOWN(($H88*W88-150000)*6%*45%,0),0) -> 0 | BG88: =C88 -> 0 | BM88: =BK88*BL88 -> 0 | BV88: =BM88+BP88-BU88 -> 0
AB89: =ROUNDDOWN(AB88*10%,-1) -> 0 | AC89: =IFERROR(IF(AND( OR(COUNTIF(I88:X89, ">0")>=$AJ$1, AA88>=$AJ$4),AN88<60,AA88<=$AH$5),ROUNDDOWN(ROUNDDOWN(AA88,-3)*$AH$4%,-1),IF(AND(COUNTIF(I88:X89,">0")>=$AJ$1,AN88<60,AA88>$AH$5),$AJ$5,0)),0) -> 0 | AD89: =IF(Z88>=$AJ$1,ROUNDDOWN(AD88*$AH$3%/($AH$2*2%),-1),0) -> 0 | AP89: =IF($H88*I89>150000,ROUNDDOWN(($H88*I89-150000)*6%*45%,0),0) -> 0 | AQ89: =IF($H88*J89>150000,ROUNDDOWN(($H88*J89-150000)*6%*45%,0),0) -> 0 | AR89: =IF($H88*K89>150000,ROUNDDOWN(($H88*K89-150000)*6%*45%,0),0) -> 0 | AS89: =IF($H88*L89>150000,ROUNDDOWN(($H88*L89-150000)*6%*45%,0),0) -> 0 | AT89: =IF($H88*M89>150000,ROUNDDOWN(($H88*M89-150000)*6%*45%,0),0) -> 0 | AU89: =IF($H88*N89>150000,ROUNDDOWN(($H88*N89-150000)*6%*45%,0),0) -> 0 | AV89: =IF($H88*O89>150000,ROUNDDOWN(($H88*O89-150000)*6%*45%,0),0) -> 0 | AW89: =IF($H88*P89>150000,ROUNDDOWN(($H88*P89-150000)*6%*45%,0),0) -> 0 | ... BE89: =IF($H88*X89>150000,ROUNDDOWN(($H88*X89-150000)*6%*45%,0),0) -> 0
A90: 44 | B90: =IF(LEN(D90)>1,IF(VALUE(MID(RIGHT(D90,7),1,1))>4,"외국인",IF(VALUE(RIGHT(11-MOD((MID(D90,1,1)*2+MID(D90,2,1)*3+MID(D90,3,1)*4+MID(D90,4,1)*5+MID(D90,5,1)*6+MID(D90,6,1)*7+MID(RIGHT(D90,7),1,1)*8+MID(RIGHT(D90,7),2,1)*9+MID(RIGHT(D90,7),3,1)*2+MID(RIGHT(D90,7),4,1)*3+MID(RIGHT(D90,7),5,1)*4+MID(RIGHT(D90,7),6,1)*5),11),1))=VALUE(RIGHT(D90,1)),"","오류")),"") | Y90: =SUM(I90:X91) -> 0 | Z90: =COUNTIF(I90:X91,">0") -> 0 | AA90: =H90*Y90 -> 0 | AB90: =IF(AO90<1000, 0, AO90) -> 0 | AC90: =IF(IFERROR($AN90<65,FALSE), IF(B90<>"외국인", ROUNDDOWN(AA90*$AH$1%,-1), IF(AND(AM90<>"", ISNUMBER(SEARCH(LEFT(SUBSTITUTE(AM90, "-",""),2), "F2_F5_F6"))), ROUNDDOWN(AA90*$AH$1%,-1), 0)),0) -> 0 | AD90: =IF(Z90>=$AJ$1,ROUNDDOWN(AA90*$AH$2%,-1),0) -> 0 | AE90: =AB90+AC90+AB91+AC91+AD90+AD91 -> 0 | AF90: =AA90-AE90 -> 0 | AN90: =IFERROR(DATEDIF(DATE(IF(ISNUMBER(FIND(MID( SUBSTITUTE(D90, "-",""), 7, 1), "3478")), 2000, 1900)+MID(D90,1,2), MID(D90,3,2), MID(D90,5,2)), TODAY(), "Y"),"") | AO90: =ROUNDDOWN(SUM(AP90:BE91),-1) -> 0 | AP90: =IF($H90*I90>150000,ROUNDDOWN(($H90*I90-150000)*6%*45%,0),0) -> 0 | AQ90: =IF($H90*J90>150000,ROUNDDOWN(($H90*J90-150000)*6%*45%,0),0) -> 0 | AR90: =IF($H90*K90>150000,ROUNDDOWN(($H90*K90-150000)*6%*45%,0),0) -> 0 | AS90: =IF($H90*L90>150000,ROUNDDOWN(($H90*L90-150000)*6%*45%,0),0) -> 0 | AT90: =IF($H90*M90>150000,ROUNDDOWN(($H90*M90-150000)*6%*45%,0),0) -> 0 | AU90: =IF($H90*N90>150000,ROUNDDOWN(($H90*N90-150000)*6%*45%,0),0) -> 0 | AV90: =IF($H90*O90>150000,ROUNDDOWN(($H90*O90-150000)*6%*45%,0),0) -> 0 | AW90: =IF($H90*P90>150000,ROUNDDOWN(($H90*P90-150000)*6%*45%,0),0) -> 0 | ... BD90: =IF($H90*W90>150000,ROUNDDOWN(($H90*W90-150000)*6%*45%,0),0) -> 0 | BG90: =C90 -> 0 | BM90: =BK90*BL90 -> 0 | BV90: =BM90+BP90-BU90 -> 0
AB91: =ROUNDDOWN(AB90*10%,-1) -> 0 | AC91: =IFERROR(IF(AND( OR(COUNTIF(I90:X91, ">0")>=$AJ$1, AA90>=$AJ$4),AN90<60,AA90<=$AH$5),ROUNDDOWN(ROUNDDOWN(AA90,-3)*$AH$4%,-1),IF(AND(COUNTIF(I90:X91,">0")>=$AJ$1,AN90<60,AA90>$AH$5),$AJ$5,0)),0) -> 0 | AD91: =IF(Z90>=$AJ$1,ROUNDDOWN(AD90*$AH$3%/($AH$2*2%),-1),0) -> 0 | AP91: =IF($H90*I91>150000,ROUNDDOWN(($H90*I91-150000)*6%*45%,0),0) -> 0 | AQ91: =IF($H90*J91>150000,ROUNDDOWN(($H90*J91-150000)*6%*45%,0),0) -> 0 | AR91: =IF($H90*K91>150000,ROUNDDOWN(($H90*K91-150000)*6%*45%,0),0) -> 0 | AS91: =IF($H90*L91>150000,ROUNDDOWN(($H90*L91-150000)*6%*45%,0),0) -> 0 | AT91: =IF($H90*M91>150000,ROUNDDOWN(($H90*M91-150000)*6%*45%,0),0) -> 0 | AU91: =IF($H90*N91>150000,ROUNDDOWN(($H90*N91-150000)*6%*45%,0),0) -> 0 | AV91: =IF($H90*O91>150000,ROUNDDOWN(($H90*O91-150000)*6%*45%,0),0) -> 0 | AW91: =IF($H90*P91>150000,ROUNDDOWN(($H90*P91-150000)*6%*45%,0),0) -> 0 | ... BE91: =IF($H90*X91>150000,ROUNDDOWN(($H90*X91-150000)*6%*45%,0),0) -> 0
A92: 45 | B92: =IF(LEN(D92)>1,IF(VALUE(MID(RIGHT(D92,7),1,1))>4,"외국인",IF(VALUE(RIGHT(11-MOD((MID(D92,1,1)*2+MID(D92,2,1)*3+MID(D92,3,1)*4+MID(D92,4,1)*5+MID(D92,5,1)*6+MID(D92,6,1)*7+MID(RIGHT(D92,7),1,1)*8+MID(RIGHT(D92,7),2,1)*9+MID(RIGHT(D92,7),3,1)*2+MID(RIGHT(D92,7),4,1)*3+MID(RIGHT(D92,7),5,1)*4+MID(RIGHT(D92,7),6,1)*5),11),1))=VALUE(RIGHT(D92,1)),"","오류")),"") | Y92: =SUM(I92:X93) -> 0 | Z92: =COUNTIF(I92:X93,">0") -> 0 | AA92: =H92*Y92 -> 0 | AB92: =IF(AO92<1000, 0, AO92) -> 0 | AC92: =IF(IFERROR($AN92<65,FALSE), IF(B92<>"외국인", ROUNDDOWN(AA92*$AH$1%,-1), IF(AND(AM92<>"", ISNUMBER(SEARCH(LEFT(SUBSTITUTE(AM92, "-",""),2), "F2_F5_F6"))), ROUNDDOWN(AA92*$AH$1%,-1), 0)),0) -> 0 | AD92: =IF(Z92>=$AJ$1,ROUNDDOWN(AA92*$AH$2%,-1),0) -> 0 | AE92: =AB92+AC92+AB93+AC93+AD92+AD93 -> 0 | AF92: =AA92-AE92 -> 0 | AN92: =IFERROR(DATEDIF(DATE(IF(ISNUMBER(FIND(MID( SUBSTITUTE(D92, "-",""), 7, 1), "3478")), 2000, 1900)+MID(D92,1,2), MID(D92,3,2), MID(D92,5,2)), TODAY(), "Y"),"") | AO92: =ROUNDDOWN(SUM(AP92:BE93),-1) -> 0 | AP92: =IF($H92*I92>150000,ROUNDDOWN(($H92*I92-150000)*6%*45%,0),0) -> 0 | AQ92: =IF($H92*J92>150000,ROUNDDOWN(($H92*J92-150000)*6%*45%,0),0) -> 0 | AR92: =IF($H92*K92>150000,ROUNDDOWN(($H92*K92-150000)*6%*45%,0),0) -> 0 | AS92: =IF($H92*L92>150000,ROUNDDOWN(($H92*L92-150000)*6%*45%,0),0) -> 0 | AT92: =IF($H92*M92>150000,ROUNDDOWN(($H92*M92-150000)*6%*45%,0),0) -> 0 | AU92: =IF($H92*N92>150000,ROUNDDOWN(($H92*N92-150000)*6%*45%,0),0) -> 0 | AV92: =IF($H92*O92>150000,ROUNDDOWN(($H92*O92-150000)*6%*45%,0),0) -> 0 | AW92: =IF($H92*P92>150000,ROUNDDOWN(($H92*P92-150000)*6%*45%,0),0) -> 0 | ... BD92: =IF($H92*W92>150000,ROUNDDOWN(($H92*W92-150000)*6%*45%,0),0) -> 0 | BG92: =C92 -> 0 | BM92: =BK92*BL92 -> 0 | BV92: =BM92+BP92-BU92 -> 0
AB93: =ROUNDDOWN(AB92*10%,-1) -> 0 | AC93: =IFERROR(IF(AND( OR(COUNTIF(I92:X93, ">0")>=$AJ$1, AA92>=$AJ$4),AN92<60,AA92<=$AH$5),ROUNDDOWN(ROUNDDOWN(AA92,-3)*$AH$4%,-1),IF(AND(COUNTIF(I92:X93,">0")>=$AJ$1,AN92<60,AA92>$AH$5),$AJ$5,0)),0) -> 0 | AD93: =IF(Z92>=$AJ$1,ROUNDDOWN(AD92*$AH$3%/($AH$2*2%),-1),0) -> 0 | AP93: =IF($H92*I93>150000,ROUNDDOWN(($H92*I93-150000)*6%*45%,0),0) -> 0 | AQ93: =IF($H92*J93>150000,ROUNDDOWN(($H92*J93-150000)*6%*45%,0),0) -> 0 | AR93: =IF($H92*K93>150000,ROUNDDOWN(($H92*K93-150000)*6%*45%,0),0) -> 0 | AS93: =IF($H92*L93>150000,ROUNDDOWN(($H92*L93-150000)*6%*45%,0),0) -> 0 | AT93: =IF($H92*M93>150000,ROUNDDOWN(($H92*M93-150000)*6%*45%,0),0) -> 0 | AU93: =IF($H92*N93>150000,ROUNDDOWN(($H92*N93-150000)*6%*45%,0),0) -> 0 | AV93: =IF($H92*O93>150000,ROUNDDOWN(($H92*O93-150000)*6%*45%,0),0) -> 0 | AW93: =IF($H92*P93>150000,ROUNDDOWN(($H92*P93-150000)*6%*45%,0),0) -> 0 | ... BE93: =IF($H92*X93>150000,ROUNDDOWN(($H92*X93-150000)*6%*45%,0),0) -> 0
A94: 46 | B94: =IF(LEN(D94)>1,IF(VALUE(MID(RIGHT(D94,7),1,1))>4,"외국인",IF(VALUE(RIGHT(11-MOD((MID(D94,1,1)*2+MID(D94,2,1)*3+MID(D94,3,1)*4+MID(D94,4,1)*5+MID(D94,5,1)*6+MID(D94,6,1)*7+MID(RIGHT(D94,7),1,1)*8+MID(RIGHT(D94,7),2,1)*9+MID(RIGHT(D94,7),3,1)*2+MID(RIGHT(D94,7),4,1)*3+MID(RIGHT(D94,7),5,1)*4+MID(RIGHT(D94,7),6,1)*5),11),1))=VALUE(RIGHT(D94,1)),"","오류")),"") | Y94: =SUM(I94:X95) -> 0 | Z94: =COUNTIF(I94:X95,">0") -> 0 | AA94: =H94*Y94 -> 0 | AB94: =IF(AO94<1000, 0, AO94) -> 0 | AC94: =IF(IFERROR($AN94<65,FALSE), IF(B94<>"외국인", ROUNDDOWN(AA94*$AH$1%,-1), IF(AND(AM94<>"", ISNUMBER(SEARCH(LEFT(SUBSTITUTE(AM94, "-",""),2), "F2_F5_F6"))), ROUNDDOWN(AA94*$AH$1%,-1), 0)),0) -> 0 | AD94: =IF(Z94>=$AJ$1,ROUNDDOWN(AA94*$AH$2%,-1),0) -> 0 | AE94: =AB94+AC94+AB95+AC95+AD94+AD95 -> 0 | AF94: =AA94-AE94 -> 0 | AN94: =IFERROR(DATEDIF(DATE(IF(ISNUMBER(FIND(MID( SUBSTITUTE(D94, "-",""), 7, 1), "3478")), 2000, 1900)+MID(D94,1,2), MID(D94,3,2), MID(D94,5,2)), TODAY(), "Y"),"") | AO94: =ROUNDDOWN(SUM(AP94:BE95),-1) -> 0 | AP94: =IF($H94*I94>150000,ROUNDDOWN(($H94*I94-150000)*6%*45%,0),0) -> 0 | AQ94: =IF($H94*J94>150000,ROUNDDOWN(($H94*J94-150000)*6%*45%,0),0) -> 0 | AR94: =IF($H94*K94>150000,ROUNDDOWN(($H94*K94-150000)*6%*45%,0),0) -> 0 | AS94: =IF($H94*L94>150000,ROUNDDOWN(($H94*L94-150000)*6%*45%,0),0) -> 0 | AT94: =IF($H94*M94>150000,ROUNDDOWN(($H94*M94-150000)*6%*45%,0),0) -> 0 | AU94: =IF($H94*N94>150000,ROUNDDOWN(($H94*N94-150000)*6%*45%,0),0) -> 0 | AV94: =IF($H94*O94>150000,ROUNDDOWN(($H94*O94-150000)*6%*45%,0),0) -> 0 | AW94: =IF($H94*P94>150000,ROUNDDOWN(($H94*P94-150000)*6%*45%,0),0) -> 0 | ... BD94: =IF($H94*W94>150000,ROUNDDOWN(($H94*W94-150000)*6%*45%,0),0) -> 0 | BG94: =C94 -> 0 | BM94: =BK94*BL94 -> 0 | BV94: =BM94+BP94-BU94 -> 0
AB95: =ROUNDDOWN(AB94*10%,-1) -> 0 | AC95: =IFERROR(IF(AND( OR(COUNTIF(I94:X95, ">0")>=$AJ$1, AA94>=$AJ$4),AN94<60,AA94<=$AH$5),ROUNDDOWN(ROUNDDOWN(AA94,-3)*$AH$4%,-1),IF(AND(COUNTIF(I94:X95,">0")>=$AJ$1,AN94<60,AA94>$AH$5),$AJ$5,0)),0) -> 0 | AD95: =IF(Z94>=$AJ$1,ROUNDDOWN(AD94*$AH$3%/($AH$2*2%),-1),0) -> 0 | AP95: =IF($H94*I95>150000,ROUNDDOWN(($H94*I95-150000)*6%*45%,0),0) -> 0 | AQ95: =IF($H94*J95>150000,ROUNDDOWN(($H94*J95-150000)*6%*45%,0),0) -> 0 | AR95: =IF($H94*K95>150000,ROUNDDOWN(($H94*K95-150000)*6%*45%,0),0) -> 0 | AS95: =IF($H94*L95>150000,ROUNDDOWN(($H94*L95-150000)*6%*45%,0),0) -> 0 | AT95: =IF($H94*M95>150000,ROUNDDOWN(($H94*M95-150000)*6%*45%,0),0) -> 0 | AU95: =IF($H94*N95>150000,ROUNDDOWN(($H94*N95-150000)*6%*45%,0),0) -> 0 | AV95: =IF($H94*O95>150000,ROUNDDOWN(($H94*O95-150000)*6%*45%,0),0) -> 0 | AW95: =IF($H94*P95>150000,ROUNDDOWN(($H94*P95-150000)*6%*45%,0),0) -> 0 | ... BE95: =IF($H94*X95>150000,ROUNDDOWN(($H94*X95-150000)*6%*45%,0),0) -> 0
A96: 47 | B96: =IF(LEN(D96)>1,IF(VALUE(MID(RIGHT(D96,7),1,1))>4,"외국인",IF(VALUE(RIGHT(11-MOD((MID(D96,1,1)*2+MID(D96,2,1)*3+MID(D96,3,1)*4+MID(D96,4,1)*5+MID(D96,5,1)*6+MID(D96,6,1)*7+MID(RIGHT(D96,7),1,1)*8+MID(RIGHT(D96,7),2,1)*9+MID(RIGHT(D96,7),3,1)*2+MID(RIGHT(D96,7),4,1)*3+MID(RIGHT(D96,7),5,1)*4+MID(RIGHT(D96,7),6,1)*5),11),1))=VALUE(RIGHT(D96,1)),"","오류")),"") | Y96: =SUM(I96:X97) -> 0 | Z96: =COUNTIF(I96:X97,">0") -> 0 | AA96: =H96*Y96 -> 0 | AB96: =IF(AO96<1000, 0, AO96) -> 0 | AC96: =IF(IFERROR($AN96<65,FALSE), IF(B96<>"외국인", ROUNDDOWN(AA96*$AH$1%,-1), IF(AND(AM96<>"", ISNUMBER(SEARCH(LEFT(SUBSTITUTE(AM96, "-",""),2), "F2_F5_F6"))), ROUNDDOWN(AA96*$AH$1%,-1), 0)),0) -> 0 | AD96: =IF(Z96>=$AJ$1,ROUNDDOWN(AA96*$AH$2%,-1),0) -> 0 | AE96: =AB96+AC96+AB97+AC97+AD96+AD97 -> 0 | AF96: =AA96-AE96 -> 0 | AN96: =IFERROR(DATEDIF(DATE(IF(ISNUMBER(FIND(MID( SUBSTITUTE(D96, "-",""), 7, 1), "3478")), 2000, 1900)+MID(D96,1,2), MID(D96,3,2), MID(D96,5,2)), TODAY(), "Y"),"") | AO96: =ROUNDDOWN(SUM(AP96:BE97),-1) -> 0 | AP96: =IF($H96*I96>150000,ROUNDDOWN(($H96*I96-150000)*6%*45%,0),0) -> 0 | AQ96: =IF($H96*J96>150000,ROUNDDOWN(($H96*J96-150000)*6%*45%,0),0) -> 0 | AR96: =IF($H96*K96>150000,ROUNDDOWN(($H96*K96-150000)*6%*45%,0),0) -> 0 | AS96: =IF($H96*L96>150000,ROUNDDOWN(($H96*L96-150000)*6%*45%,0),0) -> 0 | AT96: =IF($H96*M96>150000,ROUNDDOWN(($H96*M96-150000)*6%*45%,0),0) -> 0 | AU96: =IF($H96*N96>150000,ROUNDDOWN(($H96*N96-150000)*6%*45%,0),0) -> 0 | AV96: =IF($H96*O96>150000,ROUNDDOWN(($H96*O96-150000)*6%*45%,0),0) -> 0 | AW96: =IF($H96*P96>150000,ROUNDDOWN(($H96*P96-150000)*6%*45%,0),0) -> 0 | ... BD96: =IF($H96*W96>150000,ROUNDDOWN(($H96*W96-150000)*6%*45%,0),0) -> 0 | BG96: =C96 -> 0 | BM96: =BK96*BL96 -> 0 | BV96: =BM96+BP96-BU96 -> 0
AB97: =ROUNDDOWN(AB96*10%,-1) -> 0 | AC97: =IFERROR(IF(AND( OR(COUNTIF(I96:X97, ">0")>=$AJ$1, AA96>=$AJ$4),AN96<60,AA96<=$AH$5),ROUNDDOWN(ROUNDDOWN(AA96,-3)*$AH$4%,-1),IF(AND(COUNTIF(I96:X97,">0")>=$AJ$1,AN96<60,AA96>$AH$5),$AJ$5,0)),0) -> 0 | AD97: =IF(Z96>=$AJ$1,ROUNDDOWN(AD96*$AH$3%/($AH$2*2%),-1),0) -> 0 | AP97: =IF($H96*I97>150000,ROUNDDOWN(($H96*I97-150000)*6%*45%,0),0) -> 0 | AQ97: =IF($H96*J97>150000,ROUNDDOWN(($H96*J97-150000)*6%*45%,0),0) -> 0 | AR97: =IF($H96*K97>150000,ROUNDDOWN(($H96*K97-150000)*6%*45%,0),0) -> 0 | AS97: =IF($H96*L97>150000,ROUNDDOWN(($H96*L97-150000)*6%*45%,0),0) -> 0 | AT97: =IF($H96*M97>150000,ROUNDDOWN(($H96*M97-150000)*6%*45%,0),0) -> 0 | AU97: =IF($H96*N97>150000,ROUNDDOWN(($H96*N97-150000)*6%*45%,0),0) -> 0 | AV97: =IF($H96*O97>150000,ROUNDDOWN(($H96*O97-150000)*6%*45%,0),0) -> 0 | AW97: =IF($H96*P97>150000,ROUNDDOWN(($H96*P97-150000)*6%*45%,0),0) -> 0 | ... BE97: =IF($H96*X97>150000,ROUNDDOWN(($H96*X97-150000)*6%*45%,0),0) -> 0
A98: 48 | B98: =IF(LEN(D98)>1,IF(VALUE(MID(RIGHT(D98,7),1,1))>4,"외국인",IF(VALUE(RIGHT(11-MOD((MID(D98,1,1)*2+MID(D98,2,1)*3+MID(D98,3,1)*4+MID(D98,4,1)*5+MID(D98,5,1)*6+MID(D98,6,1)*7+MID(RIGHT(D98,7),1,1)*8+MID(RIGHT(D98,7),2,1)*9+MID(RIGHT(D98,7),3,1)*2+MID(RIGHT(D98,7),4,1)*3+MID(RIGHT(D98,7),5,1)*4+MID(RIGHT(D98,7),6,1)*5),11),1))=VALUE(RIGHT(D98,1)),"","오류")),"") | Y98: =SUM(I98:X99) -> 0 | Z98: =COUNTIF(I98:X99,">0") -> 0 | AA98: =H98*Y98 -> 0 | AB98: =IF(AO98<1000, 0, AO98) -> 0 | AC98: =IF(IFERROR($AN98<65,FALSE), IF(B98<>"외국인", ROUNDDOWN(AA98*$AH$1%,-1), IF(AND(AM98<>"", ISNUMBER(SEARCH(LEFT(SUBSTITUTE(AM98, "-",""),2), "F2_F5_F6"))), ROUNDDOWN(AA98*$AH$1%,-1), 0)),0) -> 0 | AD98: =IF(Z98>=$AJ$1,ROUNDDOWN(AA98*$AH$2%,-1),0) -> 0 | AE98: =AB98+AC98+AB99+AC99+AD98+AD99 -> 0 | AF98: =AA98-AE98 -> 0 | AN98: =IFERROR(DATEDIF(DATE(IF(ISNUMBER(FIND(MID( SUBSTITUTE(D98, "-",""), 7, 1), "3478")), 2000, 1900)+MID(D98,1,2), MID(D98,3,2), MID(D98,5,2)), TODAY(), "Y"),"") | AO98: =ROUNDDOWN(SUM(AP98:BE99),-1) -> 0 | AP98: =IF($H98*I98>150000,ROUNDDOWN(($H98*I98-150000)*6%*45%,0),0) -> 0 | AQ98: =IF($H98*J98>150000,ROUNDDOWN(($H98*J98-150000)*6%*45%,0),0) -> 0 | AR98: =IF($H98*K98>150000,ROUNDDOWN(($H98*K98-150000)*6%*45%,0),0) -> 0 | AS98: =IF($H98*L98>150000,ROUNDDOWN(($H98*L98-150000)*6%*45%,0),0) -> 0 | AT98: =IF($H98*M98>150000,ROUNDDOWN(($H98*M98-150000)*6%*45%,0),0) -> 0 | AU98: =IF($H98*N98>150000,ROUNDDOWN(($H98*N98-150000)*6%*45%,0),0) -> 0 | AV98: =IF($H98*O98>150000,ROUNDDOWN(($H98*O98-150000)*6%*45%,0),0) -> 0 | AW98: =IF($H98*P98>150000,ROUNDDOWN(($H98*P98-150000)*6%*45%,0),0) -> 0 | ... BD98: =IF($H98*W98>150000,ROUNDDOWN(($H98*W98-150000)*6%*45%,0),0) -> 0 | BG98: =C98 -> 0 | BM98: =BK98*BL98 -> 0 | BV98: =BM98+BP98-BU98 -> 0
AB99: =ROUNDDOWN(AB98*10%,-1) -> 0 | AC99: =IFERROR(IF(AND( OR(COUNTIF(I98:X99, ">0")>=$AJ$1, AA98>=$AJ$4),AN98<60,AA98<=$AH$5),ROUNDDOWN(ROUNDDOWN(AA98,-3)*$AH$4%,-1),IF(AND(COUNTIF(I98:X99,">0")>=$AJ$1,AN98<60,AA98>$AH$5),$AJ$5,0)),0) -> 0 | AD99: =IF(Z98>=$AJ$1,ROUNDDOWN(AD98*$AH$3%/($AH$2*2%),-1),0) -> 0 | AP99: =IF($H98*I99>150000,ROUNDDOWN(($H98*I99-150000)*6%*45%,0),0) -> 0 | AQ99: =IF($H98*J99>150000,ROUNDDOWN(($H98*J99-150000)*6%*45%,0),0) -> 0 | AR99: =IF($H98*K99>150000,ROUNDDOWN(($H98*K99-150000)*6%*45%,0),0) -> 0 | AS99: =IF($H98*L99>150000,ROUNDDOWN(($H98*L99-150000)*6%*45%,0),0) -> 0 | AT99: =IF($H98*M99>150000,ROUNDDOWN(($H98*M99-150000)*6%*45%,0),0) -> 0 | AU99: =IF($H98*N99>150000,ROUNDDOWN(($H98*N99-150000)*6%*45%,0),0) -> 0 | AV99: =IF($H98*O99>150000,ROUNDDOWN(($H98*O99-150000)*6%*45%,0),0) -> 0 | AW99: =IF($H98*P99>150000,ROUNDDOWN(($H98*P99-150000)*6%*45%,0),0) -> 0 | ... BE99: =IF($H98*X99>150000,ROUNDDOWN(($H98*X99-150000)*6%*45%,0),0) -> 0
A100: 49 | B100: =IF(LEN(D100)>1,IF(VALUE(MID(RIGHT(D100,7),1,1))>4,"외국인",IF(VALUE(RIGHT(11-MOD((MID(D100,1,1)*2+MID(D100,2,1)*3+MID(D100,3,1)*4+MID(D100,4,1)*5+MID(D100,5,1)*6+MID(D100,6,1)*7+MID(RIGHT(D100,7),1,1)*8+MID(RIGHT(D100,7),2,1)*9+MID(RIGHT(D100,7),3,1)*2+MID(RIGHT(D100,7),4,1)*3+MID(RIGHT(D100,7),5,1)*4+MID(RIGHT(D100,7),6,1)*5),11),1))=VALUE(RIGHT(D100,1)),"","오류")),"") | Y100: =SUM(I100:X101) -> 0 | Z100: =COUNTIF(I100:X101,">0") -> 0 | AA100: =H100*Y100 -> 0 | AB100: =IF(AO100<1000, 0, AO100) -> 0 | AC100: =IF(IFERROR($AN100<65,FALSE), IF(B100<>"외국인", ROUNDDOWN(AA100*$AH$1%,-1), IF(AND(AM100<>"", ISNUMBER(SEARCH(LEFT(SUBSTITUTE(AM100, "-",""),2), "F2_F5_F6"))), ROUNDDOWN(AA100*$AH$1%,-1), 0)),0) -> 0 | AD100: =IF(Z100>=$AJ$1,ROUNDDOWN(AA100*$AH$2%,-1),0) -> 0 | AE100: =AB100+AC100+AB101+AC101+AD100+AD101 -> 0 | AF100: =AA100-AE100 -> 0 | AN100: =IFERROR(DATEDIF(DATE(IF(ISNUMBER(FIND(MID( SUBSTITUTE(D100, "-",""), 7, 1), "3478")), 2000, 1900)+MID(D100,1,2), MID(D100,3,2), MID(D100,5,2)), TODAY(), "Y"),"") | AO100: =ROUNDDOWN(SUM(AP100:BE101),-1) -> 0 | AP100: =IF($H100*I100>150000,ROUNDDOWN(($H100*I100-150000)*6%*45%,0),0) -> 0 | AQ100: =IF($H100*J100>150000,ROUNDDOWN(($H100*J100-150000)*6%*45%,0),0) -> 0 | AR100: =IF($H100*K100>150000,ROUNDDOWN(($H100*K100-150000)*6%*45%,0),0) -> 0 | AS100: =IF($H100*L100>150000,ROUNDDOWN(($H100*L100-150000)*6%*45%,0),0) -> 0 | AT100: =IF($H100*M100>150000,ROUNDDOWN(($H100*M100-150000)*6%*45%,0),0) -> 0 | AU100: =IF($H100*N100>150000,ROUNDDOWN(($H100*N100-150000)*6%*45%,0),0) -> 0 | AV100: =IF($H100*O100>150000,ROUNDDOWN(($H100*O100-150000)*6%*45%,0),0) -> 0 | AW100: =IF($H100*P100>150000,ROUNDDOWN(($H100*P100-150000)*6%*45%,0),0) -> 0 | ... BD100: =IF($H100*W100>150000,ROUNDDOWN(($H100*W100-150000)*6%*45%,0),0) -> 0 | BG100: =C100 -> 0 | BM100: =BK100*BL100 -> 0 | BV100: =BM100+BP100-BU100 -> 0
...

Sheet 계좌(노임)
A1: ■ 지급금액 산출
A2: 현장명 : 현장별 노무비 정산 | C2: (양평군,김포시,강동구,종로구) | G2: 기타: | L2: 10월분
A3: 성 명 | C3: 지급계좌 | E3: =#REF! -> #REF! | F3: =#REF! -> #REF! | G3: =#REF! -> #REF! | H3: =#REF! -> #REF! | I3: =#REF! -> #REF! | J3: =#REF! -> #REF! | K3: 지급금액 | L3: 비 고
B4: 은행명 | C4: 계좌번호 | D4: 예금주 | E4: 1 | F4: 2 | G4: 3 | H4: 4 | I4: 5 | J4: 6
A5: =#REF! -> #REF! | B5: 국민은행 | C5: 467701-01-076012 | D5: =A5 -> #REF! | E5: =#REF! -> #REF! | F5: =#REF! -> #REF! | G5: =#REF! -> #REF! | H5: =#REF! -> #REF! | I5: =#REF! -> #REF! | J5: =#REF! -> #REF! | K5: =E5+F5+G5+H5+I5+J5 -> #REF! | L5: =K5+K6 -> #REF!
A6: =#REF! -> #REF! | B6: 국민은행 | C6: 467701-01-076013 | D6: =A6 -> #REF! | E6: =#REF! -> #REF! | F6: =#REF! -> #REF! | G6: =#REF! -> #REF! | H6: =#REF! -> #REF! | I6: =#REF! -> #REF! | J6: =#REF! -> #REF! | K6: =E6+F6+G6+H6+I6+J6 -> #REF!
A7: =#REF! -> #REF! | C7: 구팀장막내 | D7: =A7 -> #REF! | E7: =#REF! -> #REF! | F7: =#REF! -> #REF! | G7: =#REF! -> #REF! | H7: =#REF! -> #REF! | I7: =#REF! -> #REF! | J7: =#REF! -> #REF! | K7: =E7+F7+G7+H7+I7+J7 -> #REF! | L7: =K7+K8+K9+K10 -> #REF!
A8: =#REF! -> #REF! | B8: 국민은행 | C8: 824-24-0259-701 | D8: =A8 -> #REF! | E8: =#REF! -> #REF! | F8: =#REF! -> #REF! | G8: =#REF! -> #REF! | H8: =#REF! -> #REF! | I8: =#REF! -> #REF! | J8: =#REF! -> #REF! | K8: =E8+F8+G8+H8+I8+J8 -> #REF!
A9: =#REF! -> #REF! | B9: 국민은행 | C9: 824-24-0259-701 | D9: =A9 -> #REF! | E9: =#REF! -> #REF! | F9: =#REF! -> #REF! | G9: =#REF! -> #REF! | H9: =#REF! -> #REF! | I9: =#REF! -> #REF! | J9: =#REF! -> #REF! | K9: =E9+F9+G9+H9+I9+J9 -> #REF!
A10: =#REF! -> #REF! | B10: 농협은행 | C10: 356-1271-9970-53 | D10: =A10 -> #REF! | E10: =#REF! -> #REF! | F10: =#REF! -> #REF! | G10: =#REF! -> #REF! | H10: =#REF! -> #REF! | I10: =#REF! -> #REF! | J10: =#REF! -> #REF! | K10: =E10+F10+G10+H10+I10+J10 -> #REF!
A11: =#REF! -> #REF! | B11: 농협은행 | C11: 356-1271-9970-53 | D11: =A11 -> #REF! | E11: =#REF! -> #REF! | F11: =#REF! -> #REF! | G11: =#REF! -> #REF! | H11: =#REF! -> #REF! | I11: =#REF! -> #REF! | J11: =#REF! -> #REF! | K11: =E11+F11+G11+H11+I11+J11 -> #REF! | L11: =K11+K12 -> #REF!
A12: =#REF! -> #REF! | B12: 농협은행 | C12: 302-1293-9122-01 | D12: =A12 -> #REF! | E12: =#REF! -> #REF! | F12: =#REF! -> #REF! | G12: =#REF! -> #REF! | H12: =#REF! -> #REF! | I12: =#REF! -> #REF! | J12: =#REF! -> #REF! | K12: =E12+F12+G12+H12+I12+J12 -> #REF!
A13: =#REF! -> #REF! | B13: 농협은행 | C13: 302-1293-9122-02 | D13: =A13 -> #REF! | E13: =#REF! -> #REF! | F13: =#REF! -> #REF! | G13: =#REF! -> #REF! | H13: =#REF! -> #REF! | I13: =#REF! -> #REF! | J13: =#REF! -> #REF! | K13: =E13+F13+G13+H13+I13+J13 -> #REF! | L13: =K13+K14 -> #REF!
A14: =#REF! -> #REF! | B14: 우리은행 | C14: 1002-135-833724 | D14: =A14 -> #REF! | E14: =#REF! -> #REF! | F14: =#REF! -> #REF! | G14: =#REF! -> #REF! | H14: =#REF! -> #REF! | I14: =#REF! -> #REF! | J14: =#REF! -> #REF! | K14: =E14+F14+G14+H14+I14+J14 -> #REF!
A15: =#REF! -> #REF! | B15: 우리은행 | C15: 1002-135-833724 | D15: =A15 -> #REF! | E15: =#REF! -> #REF! | F15: =#REF! -> #REF! | G15: =#REF! -> #REF! | H15: =#REF! -> #REF! | I15: =#REF! -> #REF! | J15: =#REF! -> #REF! | K15: =E15+F15+G15+H15+I15+J15 -> #REF! | L15: =K15+K16 -> #REF!
A16: =#REF! -> #REF! | B16: 중소기업은행 | C16: 213-065905-02-018 | D16: =A16 -> #REF! | E16: =#REF! -> #REF! | F16: =#REF! -> #REF! | G16: =#REF! -> #REF! | H16: =#REF! -> #REF! | I16: =#REF! -> #REF! | J16: =#REF! -> #REF! | K16: =E16+F16+G16+H16+I16+J16 -> #REF!
A17: =#REF! -> #REF! | B17: 중소기업은행 | C17: 213-065905-02-018 | D17: =A17 -> #REF! | E17: =#REF! -> #REF! | F17: =#REF! -> #REF! | G17: =#REF! -> #REF! | H17: =#REF! -> #REF! | I17: =#REF! -> #REF! | J17: =#REF! -> #REF! | K17: =E17+F17+G17+H17+I17+J17 -> #REF!
A18: =#REF! -> #REF! | D18: =A18 -> #REF! | E18: =#REF! -> #REF! | F18: =#REF! -> #REF! | G18: =#REF! -> #REF! | H18: =#REF! -> #REF! | I18: =#REF! -> #REF! | J18: =#REF! -> #REF! | K18: =E18+F18+G18+H18+I18+J18 -> #REF!
A19: =#REF! -> #REF! | D19: =A19 -> #REF! | E19: =#REF! -> #REF! | F19: =#REF! -> #REF! | G19: =#REF! -> #REF! | H19: =#REF! -> #REF! | I19: =#REF! -> #REF! | J19: =#REF! -> #REF! | K19: =E19+F19+G19+H19+I19+J19 -> #REF! | L19: =K19+K20 -> #REF!
A20: =#REF! -> #REF! | B20: 우리은행 | C20: 1002-038-529333 | D20: =A20 -> #REF! | E20: =#REF! -> #REF! | F20: =#REF! -> #REF! | G20: =#REF! -> #REF! | H20: =#REF! -> #REF! | I20: =#REF! -> #REF! | J20: =#REF! -> #REF! | K20: =E20+F20+G20+H20+I20+J20 -> #REF!
A21: =#REF! -> #REF! | B21: 농협은행 | C21: 1290-01-011302 | D21: =A21 -> #REF! | E21: =#REF! -> #REF! | F21: =#REF! -> #REF! | G21: =#REF! -> #REF! | H21: =#REF! -> #REF! | I21: =#REF! -> #REF! | J21: =#REF! -> #REF! | K21: =E21+F21+G21+H21+I21+J21 -> #REF!
A22: =#REF! -> #REF! | D22: =A22 -> #REF! | E22: =#REF! -> #REF! | F22: =#REF! -> #REF! | G22: =#REF! -> #REF! | H22: =#REF! -> #REF! | I22: =#REF! -> #REF! | J22: =#REF! -> #REF! | K22: =E22+F22+G22+H22+I22+J22 -> #REF!
A23: =#REF! -> #REF! | B23: 우리은행 | C23: 1002-135-833724 | D23: =A23 -> #REF! | E23: =#REF! -> #REF! | F23: =#REF! -> #REF! | G23: =#REF! -> #REF! | H23: =#REF! -> #REF! | I23: =#REF! -> #REF! | J23: =#REF! -> #REF! | K23: =E23+F23+G23+H23+I23+J23 -> #REF!
A24: =#REF! -> #REF! | D24: =A24 -> #REF! | E24: =#REF! -> #REF! | F24: =#REF! -> #REF! | G24: =#REF! -> #REF! | H24: =#REF! -> #REF! | I24: =#REF! -> #REF! | J24: =#REF! -> #REF! | K24: =E24+F24+G24+H24+I24+J24 -> #REF!
A25: =#REF! -> #REF! | D25: =A25 -> #REF! | E25: =#REF! -> #REF! | F25: =#REF! -> #REF! | G25: =#REF! -> #REF! | H25: =#REF! -> #REF! | I25: =#REF! -> #REF! | J25: =#REF! -> #REF! | K25: =E25+F25+G25+H25+I25+J25 -> #REF!
A26: =#REF! -> #REF! | D26: =A26 -> #REF! | E26: =#REF! -> #REF! | F26: =#REF! -> #REF! | G26: =#REF! -> #REF! | H26: =#REF! -> #REF! | I26: =#REF! -> #REF! | J26: =#REF! -> #REF! | K26: =E26+F26+G26+H26+I26+J26 -> #REF!
A27: =#REF! -> #REF! | D27: =A27 -> #REF! | E27: =#REF! -> #REF! | F27: =#REF! -> #REF! | G27: =#REF! -> #REF! | H27: =#REF! -> #REF! | I27: =#REF! -> #REF! | J27: =#REF! -> #REF! | K27: =E27+F27+G27+H27+I27+J27 -> #REF!
A28: =#REF! -> #REF! | D28: =A28 -> #REF! | E28: =#REF! -> #REF! | F28: =#REF! -> #REF! | G28: =#REF! -> #REF! | H28: =#REF! -> #REF! | I28: =#REF! -> #REF! | J28: =#REF! -> #REF! | K28: =E28+F28+G28+H28+I28+J28 -> #REF!
A29: =#REF! -> #REF! | D29: =A29 -> #REF! | E29: =#REF! -> #REF! | F29: =#REF! -> #REF! | G29: =#REF! -> #REF! | H29: =#REF! -> #REF! | I29: =#REF! -> #REF! | J29: =#REF! -> #REF! | K29: =E29+F29+G29+H29+I29+J29 -> #REF!
A30: =#REF! -> #REF! | B30: 농협은행 | C30: 356-0873-8785-33 | D30: =A30 -> #REF! | E30: =#REF! -> #REF! | F30: =#REF! -> #REF! | G30: =#REF! -> #REF! | H30: =#REF! -> #REF! | I30: =#REF! -> #REF! | J30: =#REF! -> #REF! | K30: =E30+F30+G30+H30+I30+J30 -> #REF!
A31: =#REF! -> #REF! | B31: 신한은행 | C31: 110-257-461220 | D31: =A31 -> #REF! | E31: =#REF! -> #REF! | F31: =#REF! -> #REF! | G31: =#REF! -> #REF! | H31: =#REF! -> #REF! | I31: =#REF! -> #REF! | J31: =#REF! -> #REF! | K31: =E31+F31+G31+H31+I31+J31 -> #REF!
A32: =#REF! -> #REF! | B32: 우리은행 | C32: 1002-135-833724 | D32: =A32 -> #REF! | E32: =#REF! -> #REF! | F32: =#REF! -> #REF! | G32: =#REF! -> #REF! | H32: =#REF! -> #REF! | I32: =#REF! -> #REF! | J32: =#REF! -> #REF! | K32: =E32+F32+G32+H32+I32+J32 -> #REF!
A33: =#REF! -> #REF! | D33: =A33 -> #REF! | E33: =#REF! -> #REF! | F33: =#REF! -> #REF! | G33: =#REF! -> #REF! | H33: =#REF! -> #REF! | I33: =#REF! -> #REF! | J33: =#REF! -> #REF! | K33: =E33+F33+G33+H33+I33+J33 -> #REF!
A34: =#REF! -> #REF! | B34: 우리은행 | C34: 1002-038-529333 | D34: =A34 -> #REF! | E34: =#REF! -> #REF! | F34: =#REF! -> #REF! | G34: =#REF! -> #REF! | H34: =#REF! -> #REF! | I34: =#REF! -> #REF! | J34: =#REF! -> #REF! | K34: =E34+F34+G34+H34+I34+J34 -> #REF!
A35: =#REF! -> #REF! | B35: 제일은행 | C35: 626-20-447763 | D35: =A35 -> #REF! | E35: =#REF! -> #REF! | F35: =#REF! -> #REF! | G35: =#REF! -> #REF! | H35: =#REF! -> #REF! | I35: =#REF! -> #REF! | J35: =#REF! -> #REF! | K35: =E35+F35+G35+H35+I35+J35 -> #REF!
A36: =#REF! -> #REF! | B36: 농협은행 | C36: 356-02-040622 | D36: =A36 -> #REF! | E36: =#REF! -> #REF! | F36: =#REF! -> #REF! | G36: =#REF! -> #REF! | H36: =#REF! -> #REF! | I36: =#REF! -> #REF! | J36: =#REF! -> #REF! | K36: =E36+F36+G36+H36+I36+J36 -> #REF!
A37: =#REF! -> #REF! | B37: 김지은 반장 | C37: 010-6332-3822 | D37: =A37 -> #REF! | E37: =#REF! -> #REF! | F37: =#REF! -> #REF! | G37: =#REF! -> #REF! | H37: =#REF! -> #REF! | I37: =#REF! -> #REF! | J37: =#REF! -> #REF! | K37: =E37+F37+G37+H37+I37+J37 -> #REF!
A38: =#REF! -> #REF! | B38: 조반장 | D38: =A38 -> #REF! | E38: =#REF! -> #REF! | F38: =#REF! -> #REF! | G38: =#REF! -> #REF! | H38: =#REF! -> #REF! | I38: =#REF! -> #REF! | J38: =#REF! -> #REF! | K38: =E38+F38+G38+H38+I38+J38 -> #REF!
A39: =#REF! -> #REF! | D39: =A39 -> #REF! | E39: =#REF! -> #REF! | F39: =#REF! -> #REF! | G39: =#REF! -> #REF! | H39: =#REF! -> #REF! | I39: =#REF! -> #REF! | J39: =#REF! -> #REF! | K39: =E39+F39+G39+H39+I39+J39 -> #REF!
A40: =#REF! -> #REF! | D40: =A40 -> #REF! | E40: =#REF! -> #REF! | F40: =#REF! -> #REF! | G40: =#REF! -> #REF! | H40: =#REF! -> #REF! | I40: =#REF! -> #REF! | J40: =#REF! -> #REF! | K40: =E40+F40+G40+H40+I40+J40 -> #REF!
A41: =#REF! -> #REF! | B41: 종로식재 | D41: =A41 -> #REF! | E41: =#REF! -> #REF! | F41: =#REF! -> #REF! | G41: =#REF! -> #REF! | H41: =#REF! -> #REF! | I41: =#REF! -> #REF! | J41: =#REF! -> #REF! | K41: =E41+F41+G41+H41+I41+J41 -> #REF!
A42: =#REF! -> #REF! | B42: 종로식재 | D42: =A42 -> #REF! | E42: =#REF! -> #REF! | F42: =#REF! -> #REF! | G42: =#REF! -> #REF! | H42: =#REF! -> #REF! | I42: =#REF! -> #REF! | J42: =#REF! -> #REF! | K42: =E42+F42+G42+H42+I42+J42 -> #REF!
A43: =#REF! -> #REF! | B43: 윗톱 | D43: =A43 -> #REF! | E43: =#REF! -> #REF! | F43: =#REF! -> #REF! | G43: =#REF! -> #REF! | H43: =#REF! -> #REF! | I43: =#REF! -> #REF! | J43: =#REF! -> #REF! | K43: =E43+F43+G43+H43+I43+J43 -> #REF!
A44: =#REF! -> #REF! | D44: =A44 -> #REF! | E44: =#REF! -> #REF! | F44: =#REF! -> #REF! | G44: =#REF! -> #REF! | H44: =#REF! -> #REF! | I44: =#REF! -> #REF! | J44: =#REF! -> #REF! | K44: =E44+F44+G44+H44+I44+J44 -> #REF!
A45: =#REF! -> #REF! | B45: 윤창열 | D45: =A45 -> #REF! | E45: =#REF! -> #REF! | F45: =#REF! -> #REF! | G45: =#REF! -> #REF! | H45: =#REF! -> #REF! | I45: =#REF! -> #REF! | J45: =#REF! -> #REF! | K45: =E45+F45+G45+H45+I45+J45 -> #REF!
A46: =#REF! -> #REF! | B46: 김종갑 | D46: =A46 -> #REF! | E46: =#REF! -> #REF! | F46: =#REF! -> #REF! | G46: =#REF! -> #REF! | H46: =#REF! -> #REF! | I46: =#REF! -> #REF! | J46: =#REF! -> #REF! | K46: =E46+F46+G46+H46+I46+J46 -> #REF!
A47: =#REF! -> #REF! | D47: =A47 -> #REF! | E47: =#REF! -> #REF! | F47: =#REF! -> #REF! | G47: =#REF! -> #REF! | H47: =#REF! -> #REF! | I47: =#REF! -> #REF! | J47: =#REF! -> #REF! | K47: =E47+F47+G47+H47+I47+J47 -> #REF!
A48: =#REF! -> #REF! | B48: 고대승 | D48: =A48 -> #REF! | E48: =#REF! -> #REF! | F48: =#REF! -> #REF! | G48: =#REF! -> #REF! | H48: =#REF! -> #REF! | I48: =#REF! -> #REF! | J48: =#REF! -> #REF! | K48: =E48+F48+G48+H48+I48+J48 -> #REF!
A49: =#REF! -> #REF! | D49: =A49 -> #REF! | E49: =#REF! -> #REF! | F49: =#REF! -> #REF! | G49: =#REF! -> #REF! | H49: =#REF! -> #REF! | I49: =#REF! -> #REF! | J49: =#REF! -> #REF! | K49: =E49+F49+G49+H49+I49+J49 -> #REF!
A50: =#REF! -> #REF! | D50: =A50 -> #REF! | E50: =#REF! -> #REF! | F50: =#REF! -> #REF! | G50: =#REF! -> #REF! | H50: =#REF! -> #REF! | I50: =#REF! -> #REF! | J50: =#REF! -> #REF! | K50: =E50+F50+G50+H50+I50+J50 -> #REF!
A51: =#REF! -> #REF! | D51: =A51 -> #REF! | E51: =#REF! -> #REF! | F51: =#REF! -> #REF! | G51: =#REF! -> #REF! | H51: =#REF! -> #REF! | I51: =#REF! -> #REF! | J51: =#REF! -> #REF! | K51: =E51+F51+G51+H51+I51+J51 -> #REF!
A52: =#REF! -> #REF! | B52: 3명 | D52: =A52 -> #REF! | E52: =#REF! -> #REF! | F52: =#REF! -> #REF! | G52: =#REF! -> #REF! | H52: =#REF! -> #REF! | I52: =#REF! -> #REF! | J52: =#REF! -> #REF! | K52: =E52+F52+G52+H52+I52+J52 -> #REF!
A53: 합 계 | E53: =SUM(E5:E52) -> #REF! | F53: =SUM(F5:F52) -> #REF! | G53: =SUM(G5:G52) -> #REF! | H53: =SUM(H5:H52) -> #REF! | I53: =SUM(I5:I52) -> #REF! | J53: =SUM(J5:J52) -> #REF! | K53: =SUM(K5:K52) -> #REF!
I55: =#REF! -> #REF! | K55: ㈜ 태 산 조 경
I56: =#REF! -> #REF!
I57: =#REF! -> #REF!

Sheet 계좌(장비)
A1: ■ 지급금액 산출
A2: 현장명 :현장별 장비대 정산 | B2: ='계좌(노임)'!$C$2 -> (양평군,김포시,강동구,종로구) | H2: ='계좌(노임)'!$G$2 -> 기타: | M2: ='계좌(노임)'!$L$2 -> 10월분
A3: 성 명 | B3: 규격 | C3: 은행명 | D3: 지급계좌 | G3: ='계좌(노임)'!F3 -> #REF! | H3: ='계좌(노임)'!G3 -> #REF! | I3: ='계좌(노임)'!H3 -> #REF! | J3: ='계좌(노임)'!I3 -> #REF! | K3: ='계좌(노임)'!J3 -> #REF! | L3: 지급금액 | M3: 비 고
D4: 계좌번호 | E4: 예금주 | F4: ='계좌(노임)'!E4 -> 1 | G4: ='계좌(노임)'!F4 -> 2 | H4: ='계좌(노임)'!G4 -> 3 | I4: ='계좌(노임)'!H4 -> 4 | J4: ='계좌(노임)'!I4 -> 5 | K4: ='계좌(노임)'!J4 -> 6
A5: =#REF! -> #REF! | B5: =#REF! -> #REF! | E5: =A5 -> #REF! | F5: =#REF! -> #REF! | G5: =#REF! -> #REF! | H5: =#REF! -> #REF! | I5: =#REF! -> #REF! | J5: =#REF! -> #REF! | K5: =#REF! -> #REF! | L5: =F5+G5+H5+I5+J5+K5 -> #REF! | M5: 부가세포함
A6: =#REF! -> #REF! | B6: =#REF! -> #REF! | E6: =A6 -> #REF! | F6: =#REF! -> #REF! | G6: =#REF! -> #REF! | H6: =#REF! -> #REF! | I6: =#REF! -> #REF! | J6: =#REF! -> #REF! | K6: =#REF! -> #REF! | L6: =F6+G6+H6+I6+J6+K6 -> #REF! | M6: 부가세포함
A7: =#REF! -> #REF! | B7: =#REF! -> #REF! | C7: 010-9143-0906 | D7: 서울크레인 | E7: =A7 -> #REF! | F7: =#REF! -> #REF! | G7: =#REF! -> #REF! | H7: =#REF! -> #REF! | I7: =#REF! -> #REF! | J7: =#REF! -> #REF! | K7: =#REF! -> #REF! | L7: =F7+G7+H7+I7+J7+K7 -> #REF! | M7: 부가세포함
A8: =#REF! -> #REF! | B8: =#REF! -> #REF! | C8: 010-5449-1420 | D8: 중앙크레인 | E8: =A8 -> #REF! | F8: =#REF! -> #REF! | G8: =#REF! -> #REF! | H8: =#REF! -> #REF! | I8: =#REF! -> #REF! | J8: =#REF! -> #REF! | K8: =#REF! -> #REF! | L8: =F8+G8+H8+I8+J8+K8 -> #REF! | M8: 부가세포함
A9: =#REF! -> #REF! | B9: =#REF! -> #REF! | D9: 영창크레인 | E9: =A9 -> #REF! | F9: =#REF! -> #REF! | G9: =#REF! -> #REF! | H9: =#REF! -> #REF! | I9: =#REF! -> #REF! | J9: =#REF! -> #REF! | K9: =#REF! -> #REF! | L9: =F9+G9+H9+I9+J9+K9 -> #REF! | M9: 부가세포함
A10: =#REF! -> #REF! | B10: =#REF! -> #REF! | E10: =A10 -> #REF! | F10: =#REF! -> #REF! | G10: =#REF! -> #REF! | H10: =#REF! -> #REF! | I10: =#REF! -> #REF! | J10: =#REF! -> #REF! | K10: =#REF! -> #REF! | L10: =F10+G10+H10+I10+J10+K10 -> #REF! | M10: 부가세포함
A11: =#REF! -> #REF! | B11: =#REF! -> #REF! | D11: 고양시,종로구 | E11: =A11 -> #REF! | F11: =#REF! -> #REF! | G11: =#REF! -> #REF! | H11: =#REF! -> #REF! | I11: =#REF! -> #REF! | J11: =#REF! -> #REF! | K11: =#REF! -> #REF! | L11: =F11+G11+H11+I11+J11+K11 -> #REF! | M11: 부가세포함
A12: =#REF! -> #REF! | B12: =#REF! -> #REF! | C12: 010-9062-1430 | E12: =A12 -> #REF! | F12: =#REF! -> #REF! | G12: =#REF! -> #REF! | H12: =#REF! -> #REF! | I12: =#REF! -> #REF! | J12: =#REF! -> #REF! | K12: =#REF! -> #REF! | L12: =F12+G12+H12+I12+J12+K12 -> #REF! | M12: 부가세포함
A13: =#REF! -> #REF! | B13: =#REF! -> #REF! | E13: =A13 -> #REF! | F13: =#REF! -> #REF! | G13: =#REF! -> #REF! | H13: =#REF! -> #REF! | I13: =#REF! -> #REF! | J13: =#REF! -> #REF! | K13: =#REF! -> #REF! | L13: =F13+G13+H13+I13+J13+K13 -> #REF! | M13: 부가세포함
A14: =#REF! -> #REF! | B14: =#REF! -> #REF! | E14: =A14 -> #REF! | F14: =#REF! -> #REF! | G14: =#REF! -> #REF! | H14: =#REF! -> #REF! | I14: =#REF! -> #REF! | J14: =#REF! -> #REF! | K14: =#REF! -> #REF! | L14: =F14+G14+H14+I14+J14+K14 -> #REF! | M14: 부가세포함
A15: =#REF! -> #REF! | B15: =#REF! -> #REF! | E15: =A15 -> #REF! | F15: =#REF! -> #REF! | G15: =#REF! -> #REF! | H15: =#REF! -> #REF! | I15: =#REF! -> #REF! | J15: =#REF! -> #REF! | K15: =#REF! -> #REF! | L15: =F15+G15+H15+I15+J15+K15 -> #REF! | M15: 부가세포함
A16: =#REF! -> #REF! | B16: =#REF! -> #REF! | E16: =A16 -> #REF! | F16: =#REF! -> #REF! | G16: =#REF! -> #REF! | H16: =#REF! -> #REF! | I16: =#REF! -> #REF! | J16: =#REF! -> #REF! | K16: =#REF! -> #REF! | L16: =F16+G16+H16+I16+J16+K16 -> #REF! | M16: 부가세포함
A17: =#REF! -> #REF! | B17: =#REF! -> #REF! | E17: =A17 -> #REF! | F17: =#REF! -> #REF! | G17: =#REF! -> #REF! | H17: =#REF! -> #REF! | I17: =#REF! -> #REF! | J17: =#REF! -> #REF! | K17: =#REF! -> #REF! | L17: =F17+G17+H17+I17+J17+K17 -> #REF! | M17: 부가세포함
A18: =#REF! -> #REF! | B18: =#REF! -> #REF! | E18: =A18 -> #REF! | F18: =#REF! -> #REF! | G18: =#REF! -> #REF! | H18: =#REF! -> #REF! | I18: =#REF! -> #REF! | J18: =#REF! -> #REF! | K18: =#REF! -> #REF! | L18: =F18+G18+H18+I18+J18+K18 -> #REF! | M18: 부가세포함
A19: =#REF! -> #REF! | B19: =#REF! -> #REF! | E19: =A19 -> #REF! | F19: =#REF! -> #REF! | G19: =#REF! -> #REF! | H19: =#REF! -> #REF! | I19: =#REF! -> #REF! | J19: =#REF! -> #REF! | K19: =#REF! -> #REF! | L19: =F19+G19+H19+I19+J19+K19 -> #REF! | M19: 부가세포함
A20: =#REF! -> #REF! | B20: =#REF! -> #REF! | C20: 새한물류 | D20: 010-5282-3034 | F20: =#REF! -> #REF! | G20: =#REF! -> #REF! | H20: =#REF! -> #REF! | I20: =#REF! -> #REF! | J20: =#REF! -> #REF! | K20: =#REF! -> #REF! | L20: =F20+G20+H20+I20+J20+K20 -> #REF! | M20: 부가세포함
A21: =#REF! -> #REF! | B21: =#REF! -> #REF! | E21: =A21 -> #REF! | F21: =#REF! -> #REF! | G21: =#REF! -> #REF! | H21: =#REF! -> #REF! | I21: =#REF! -> #REF! | J21: =#REF! -> #REF! | K21: =#REF! -> #REF! | L21: =F21+G21+H21+I21+J21+K21 -> #REF! | M21: 부가세포함
A22: =#REF! -> #REF! | B22: =#REF! -> #REF! | C22: 010-7179-8948 | E22: =A22 -> #REF! | F22: =#REF! -> #REF! | G22: =#REF! -> #REF! | H22: =#REF! -> #REF! | I22: =#REF! -> #REF! | J22: =#REF! -> #REF! | K22: =#REF! -> #REF! | L22: =F22+G22+H22+I22+J22+K22 -> #REF! | M22: 부가세포함
A23: =#REF! -> #REF! | B23: =#REF! -> #REF! | E23: =A23 -> #REF! | F23: =#REF! -> #REF! | G23: =#REF! -> #REF! | H23: =#REF! -> #REF! | I23: =#REF! -> #REF! | J23: =#REF! -> #REF! | K23: =#REF! -> #REF! | L23: =F23+G23+H23+I23+J23+K23 -> #REF! | M23: 부가세포함
A24: =#REF! -> #REF! | B24: =#REF! -> #REF! | C24: 010-9033-2424 | E24: =A24 -> #REF! | F24: =#REF! -> #REF! | G24: =#REF! -> #REF! | H24: =#REF! -> #REF! | I24: =#REF! -> #REF! | J24: =#REF! -> #REF! | K24: =#REF! -> #REF! | L24: =F24+G24+H24+I24+J24+K24 -> #REF! | M24: 부가세포함
A25: =#REF! -> #REF! | B25: =#REF! -> #REF! | C25: 010-3893-4418 | E25: =A25 -> #REF! | F25: =#REF! -> #REF! | G25: =#REF! -> #REF! | H25: =#REF! -> #REF! | I25: =#REF! -> #REF! | J25: =#REF! -> #REF! | K25: =#REF! -> #REF! | L25: =F25+G25+H25+I25+J25+K25 -> #REF! | M25: 부가세포함
A26: =#REF! -> #REF! | B26: =#REF! -> #REF! | C26: 010-5281-3914 | E26: =A26 -> #REF! | F26: =#REF! -> #REF! | G26: =#REF! -> #REF! | H26: =#REF! -> #REF! | I26: =#REF! -> #REF! | J26: =#REF! -> #REF! | K26: =#REF! -> #REF! | L26: =F26+G26+H26+I26+J26+K26 -> #REF! | M26: 부가세포함
A27: =#REF! -> #REF! | B27: =#REF! -> #REF! | C27: 010-8968-5500 | E27: =A27 -> #REF! | F27: =#REF! -> #REF! | G27: =#REF! -> #REF! | H27: =#REF! -> #REF! | I27: =#REF! -> #REF! | J27: =#REF! -> #REF! | K27: =#REF! -> #REF! | L27: =F27+G27+H27+I27+J27+K27 -> #REF! | M27: 부가세포함
A28: =#REF! -> #REF! | B28: =#REF! -> #REF! | E28: =A28 -> #REF! | F28: =#REF! -> #REF! | G28: =#REF! -> #REF! | H28: =#REF! -> #REF! | I28: =#REF! -> #REF! | J28: =#REF! -> #REF! | K28: =#REF! -> #REF! | L28: =F28+G28+H28+I28+J28+K28 -> #REF! | M28: 부가세포함
A29: =#REF! -> #REF! | B29: =#REF! -> #REF! | E29: =A29 -> #REF! | F29: =#REF! -> #REF! | G29: =#REF! -> #REF! | H29: =#REF! -> #REF! | I29: =#REF! -> #REF! | J29: =#REF! -> #REF! | K29: =#REF! -> #REF! | L29: =F29+G29+H29+I29+J29+K29 -> #REF! | M29: 부가세포함
A30: =#REF! -> #REF! | B30: =#REF! -> #REF! | E30: =A30 -> #REF! | F30: =#REF! -> #REF! | G30: =#REF! -> #REF! | H30: =#REF! -> #REF! | I30: =#REF! -> #REF! | J30: =#REF! -> #REF! | K30: =#REF! -> #REF! | L30: =F30+G30+H30+I30+J30+K30 -> #REF! | M30: 부가세포함
A31: =#REF! -> #REF! | B31: =#REF! -> #REF! | E31: =A31 -> #REF! | F31: =#REF! -> #REF! | G31: =#REF! -> #REF! | H31: =#REF! -> #REF! | I31: =#REF! -> #REF! | J31: =#REF! -> #REF! | K31: =#REF! -> #REF! | L31: =F31+G31+H31+I31+J31+K31 -> #REF! | M31: 부가세포함
A32: =#REF! -> #REF! | B32: =#REF! -> #REF! | E32: =A32 -> #REF! | F32: =#REF! -> #REF! | G32: =#REF! -> #REF! | H32: =#REF! -> #REF! | I32: =#REF! -> #REF! | J32: =#REF! -> #REF! | K32: =#REF! -> #REF! | L32: =F32+G32+H32+I32+J32+K32 -> #REF! | M32: 부가세포함
A33: =#REF! -> #REF! | B33: =#REF! -> #REF! | E33: =A33 -> #REF! | F33: =#REF! -> #REF! | G33: =#REF! -> #REF! | H33: =#REF! -> #REF! | I33: =#REF! -> #REF! | J33: =#REF! -> #REF! | K33: =#REF! -> #REF! | L33: =F33+G33+H33+I33+J33+K33 -> #REF! | M33: 부가세포함
A34: =#REF! -> #REF! | B34: =#REF! -> #REF! | E34: =A34 -> #REF! | F34: =#REF! -> #REF! | G34: =#REF! -> #REF! | H34: =#REF! -> #REF! | I34: =#REF! -> #REF! | J34: =#REF! -> #REF! | K34: =#REF! -> #REF! | L34: =F34+G34+H34+I34+J34+K34 -> #REF! | M34: 부가세포함
A35: =#REF! -> #REF! | B35: =#REF! -> #REF! | E35: =A35 -> #REF! | F35: =#REF! -> #REF! | G35: =#REF! -> #REF! | H35: =#REF! -> #REF! | I35: =#REF! -> #REF! | J35: =#REF! -> #REF! | K35: =#REF! -> #REF! | L35: =F35+G35+H35+I35+J35+K35 -> #REF! | M35: 부가세포함
A36: =#REF! -> #REF! | B36: =#REF! -> #REF! | E36: =A36 -> #REF! | F36: =#REF! -> #REF! | G36: =#REF! -> #REF! | H36: =#REF! -> #REF! | I36: =#REF! -> #REF! | J36: =#REF! -> #REF! | K36: =#REF! -> #REF! | L36: =F36+G36+H36+I36+J36+K36 -> #REF! | M36: 부가세포함
A37: 합 계 | F37: =SUM(F5:F36) -> #REF! | G37: =SUM(G5:G36) -> #REF! | H37: =SUM(H5:H36) -> #REF! | I37: =SUM(I5:I36) -> #REF! | J37: =SUM(J5:J36) -> #REF! | K37: =SUM(K5:K36) -> #REF! | L37: =SUM(L5:L36) -> #REF! | M37: 부가세포함
L39: ㈜ 태 산 조 경
